declaredNormalizedReading,reading,writing,zh,source_page,source_column,source_entry_no
あっというまに,あっというまに,あっという間に,一眨眼的功夫,143,left,02
おくれ,おくれ,遅れ,落後、遲延,143,left,05
ぎりぎり,ぎりぎり,ぎりぎり,最大限度、極限,143,right,00
こうはん,こうはん,後半,後半、後一半,143,right,07
しょうご,しょうご,正午,正午、中午十二點,143,right,09
しんや,しんや,深夜,深夜、很晚的夜裡,143,right,10
せいき,せいき,世紀,世紀、時代、年代,144,left,12
ぜんはん,ぜんはん,前半,前半、前半部,144,left,13
そうちょう,そうちょう,早朝,早晨、清晨,144,left,14
ちこく,ちこく,遅刻,遲到,144,left,16
どうじに,どうじに,同時に,同時、馬上,144,right,
とつぜん,とつぜん,突然,突然、出乎意料地,144,right,
はじまり,はじまり,始まり,開始、開端、起源,144,right,
ふける,ふける,更ける,夜深,145,left,22
ぶり,ぶり,振り,相隔,145,left,23
へる,へる,経る,經過、通,145,left,24
まえもって,まえもって,前もって,預先、事先,145,left,26
まよなか,まよなか,真夜中,三更半夜、深夜,145,left,27
やかん,やかん,夜間,夜間、晚上時段,145,left,28
いっさくねん,いっさくねん,一昨年,前年,145,right,02
げじゅん,げじゅん,下旬,下旬、月底前十天,145,right,05
げつまつ,げつまつ,月末,月末、月底,146,left,oe
さくねん,さくねん,昨年,去年,146,left,00
じつ,じつ,日,太陽、日、一天白天、毎天,146,left,19
しゅう,しゅう,週,週、星期、一圈,146,left,01
じょうじゅん,じょうじゅん,上旬,上旬、月初十天,146,right,
せんじつ,せんじつ,先日,前天、前些日子,146,right,04
ぜんじつ,ぜんじつ,前日,前一天,146,right,
ちゅうじゅん,ちゅうじゅん,中旬,中旬、每月中間十天,146,right,
ねんし,ねんし,年始,年初、賀年、寿年,146,right,
ねんまつねんし,ねんまつねんし,年末年始,年底與新年,147,left,18
へいじつ,へいじつ,平日,平日、平常,147,left,19
ほんじつ,ほんじつ,本日,本日、今日,147,left,20
ほんねん,ほんねん,本年,本年、今年,147,left,21
みょう,みょう,明,更明,147,left,22
ようび,ようび,曜日,星期,147,right,24
よく,よく,翌,翌、隔天,147,right,25
よくじつ,よくじつ,翌日,隔天、第二天,147,right,26
いご,いご,以後,以後、從此之後,147,right,ot
いぜん,いぜん,以前,以前、更低階段的,147,right,02
げんだい,げんだい,現代,現代、現在的時代,147,right,03
こんご,こんご,今後,今後、從今以後,148,left,04
じご,じご,事後,事後、事情發生之後,148,left,08
ちょくご,ちょくご,直後,緊接著、剛...之後、之後不久,148,left,00
ちょくぜん,ちょくぜん,直前,即將發生之前,148,right,
みらい,みらい,未来,將來、未來、來世,148,right,
しいずん,シーズン,シーズン,季節、時期,149,left,95
しめきり,しめきり,締め切り,截止、屆滿、封死、封閉、截斷、斷流,149,left,66
まにあわせる,まにあわせる,間に合わせる,臨時湊合就將、使來得及、趕出來,149,right,08
きたく,きたく,帰宅,回家,150,left,02
くらす,くらす,暮らす,生活、度日,150,left,03
じょう,じょう,晴,塊、得、重時,150,left,05
すごす,すごす,過ごす,度、過生活、過、過量、放過、不管,150,right,06
せいけつ,せいけつ,清潔,乾淨的、清潔的、廉潔、純潔,150,right,07
るすばん,るすばん,留守番,看家、看家人,150,right,o
わが,わが,我が,點我刻宗入、上皮記三,151,left,12
とじる,とじる,閉じる,關閉、結束,151,left,01
のっく,ノック,ノック,敲打、敲門、打球,151,left,02
べらんだ,ベランダ,ベランダ,陽臺、走廊,151,left,03
やね,やね,屋根,屋頂,151,left,04
やぶる,やぶる,破る,弄破、違反、打敗,151,left,05
ろっく,ロック,ロック,上鎖、鎖住,151,right,oe
だんぼう,だんぼう,暖房,暖氣、暖房,151,right,01
かざり,かざり,飾り,裝飾,151,right,08
きっちん,キッチン,キッチン,廚房,151,right,05
しんしつ,しんしつ,寝室,臥室、寢室,152,left,oe
せんめんじょ,せんめんじょ,洗面所,化妝室廁所色,152,left,07
だいにんぐ,ダイニング,ダイニング,餐廳、用餐空間,152,left,08
つまる,つまる,詰まる,擠滿、塞滿、堵塞、不通、罕困、上、窘迫、縮短、緊小、停頓、擱淺,152,left,10
てんじょう,てんじょう,天井,天花板,152,left,11
はしら,はしら,欄,柱子、支柱、靠山,152,left,12
ぷらいんど,プラインド,プラインド,百葉窗、窗簾、遮光物,152,right,
まどり,まどり,間取り,房間佈局、採間、平麵佈局,152,right,
もうふ,もうふ,毛布,毛毯、壬子,152,right,
ゆか,ゆか,床,地板,152,right,
よわめる,よわめる,弱める,減弱、削弱,152,right,
りびんぐ,リビング,リビング,客廳、起居室,152,right,
あぶら,あぶら,脂,脂肪、油脂、活動力、幹勁,153,left,01
しょくご,しょくご,食後,飯後、食後,153,left,05
しょくぜん,しょくぜん,食前,飯前,153,right,06
すっぱい,すっぱい,酸っぱい,酸、酸的,153,right,07
まなあ,マナー,マナー,禮貌、規矩、態度舉止、風格,153,right,08
めにゅう,メニュー,メニュー,菜單,153,right,00
らんち,ランチ,ランチ,午餐,153,right,00
いんすたんと,インスタント,インスタント,即食、即溶,154,left,03
おれんじ,オレンジ,オレンジ,急柳橙、柳丁、欄色,154,left,95
がむ,ガム,ガム,口香糖,154,left,06
かゆ,かゆ,紗,粥、稀飯,154,right,
けちゃっぷ,ケチャップ,ケチャップ,番茄醬,154,right,
さけ,さけ,酒,日本酒、清酒,154,right,
しゅ,しゅ,酒,酒、酒類,155,left,13
しょよくりょう,しょよくりょう,食料,食品食物,155,left,15
しょくりょよう,しょくりょよう,食糧,食糧、糧食,155,left,16
しんせん,しんせん,新鮮,新鮮、清新乾淨、新累,155,left,17
すうぷ,スープ,スープ,湯,155,left,09
そおす,ソース,ソース,醬汁,155,right,20
ちっぷ,チップ,チップ,小費、薄片,155,right,22
ちゃ,ちゃ,茶,茶茶樹茶葉茶水、國茶在入杞如,155,right,23
でざあと,デザート,デザート,甜點、餐後點心,155,right,24
どれっしんぐ,ドレッシング,ドレッシング,調味料、挫汁、服装装飾,155,right,25
なま,なま,生,生的、直、的、不加修飾的、不熟練、不到火候,156,left,27
ふぁすとふうど,ファストフード,ファストフード,速食,156,left,29
まよねえず,マヨネーズ,マヨネーズ,美旋滋、蛋黃鋒,156,left,32
みるく,ミルク,ミルク,牛奶,156,right,
わいん,ワイン,ワイン,葡萄酒、水果酒、洋酒,156,right,
こぼす,こぼす,溢す,灑、漏、溢、落、牢騷、抱怨,157,left,03
たく,たく,炊く,點火、燒著、燃燒、煮飯、燒菜,157,left,04
たける,たける,炊ける,燒成飯、做成飯,157,left,05
つよめる,つよめる,強める,加強、増強,157,left,06
てい,てい,低,低、低程度,157,left,07
にえる,にえる,煮える,二煮熟、煮爛、水燒開、固體融化、發怒、非常氣憤,157,left,08
ひやす,ひやす,冷やす,使變涼、冰鎮、使冷靜、國冷藏庫冷宮,157,right,00
むす,むす,蒸す,蒸熱、際,157,right,12
ゆでる,ゆでる,茹でる,煮、混、圖上上茹蕊名,157,right,13
わる,わる,割る,打、和劈開、用除法計算,157,right,15
えり,えり,襟,衣領,158,left,o
おおばあこおと,オーバーコート,オーバーコート,大衣、外套,158,left,02
じいんず,ジーンズ,ジーンズ,牛他笠,158,left,03
じゃけっと,ジャケット,ジャケット,夾克、外套,158,left,94
せいふく,せいふく,制服,制服、制式服裝,158,right,
そで,そで,袖,衣袖、十側抽履、雨、的廳房,158,right,
てぃいしゃつ,ティーシャツ,ティーシャツ,T恤,158,right,
ぱんつ,パンツ,パンツ,內褲、短褲、運動短褲,158,right,
ぱんぷす,パンプス,パンプス,女用的高跟皮鞋、淑女包鞋,159,left,11
ぴったり,ぴったり,ぴったり,正合適、緊密,159,left,12
ぷらうす,プラウス,プラウス,罩衫、襯衫,159,left,13
ぼろぼろ,ぼろぼろ,ぼろぼろ,破爛不堪、零散,159,left,14
きがえ,きがえ,着替え,換衣服、換洗衣物,159,left,01
すかあふ,スカーフ,スカーフ,圍巾、披肩,159,right,03
すとっきんぐ,ストッキング,ストッキング,褲襪、長筒襪,159,right,04
すにいかあ,スニーカー,スニーカー,運動鞋,159,right,05
ぞうり,ぞうり,草履,儿草履、草鞋,159,right,00
そっくす,ソックス,ソックス,短襪,159,right,07
ばっぐ,バッグ,バッグ,手提包,160,left,11
べると,ベルト,ベルト,皮帶、傳送帶、地帶,160,right,
へるめっと,ヘルメット,ヘルメット,安全帽、頭盔、鋼盔,160,right,
まふらあ,マフラー,マフラー,圍巾、滅音器,160,right,
しり,しり,尻,屁股、臀部、後方、後麵、末尾、最後、末端,161,right,09
ばらんす,バランス,バランス,平衡、均衡、均等,161,right,08
ひふ,ひふ,皮膚,皮膚、肌膚,161,right,09
ほね,ほね,骨,骨頭、費力無的事人,162,left,01
むける,むける,剥ける,剝落、脫落,162,left,12
もむ,もむ,揉む,搓、採、捏、按摩、互相推擠、爭辯、鍾鍊、受磨練中,162,left,14
かぐ,かぐ,嗅ぐ,聞、嗅,162,right,
かみのけ,かみのけ,髪の毛,頭髮,162,right,
くちびる,くちびる,唇,嘴唇,162,right,
だまる,だまる,黙る,沉默、不說話、不理、不間不問,163,left,oy
ひたい,ひたい,額,前額、額頭、物體突出部分,163,left,11
ほお,ほお,類,頰、臉蛋,163,left,13
まつげ,まつげ,まつ毛,睫毛,163,left,14
まぶた,まぶた,瞼,眼皮,163,left,15
みかける,みかける,見掛ける,看到、看出、看見、開始看,163,right,07
あしくぴ,あしくぴ,足首,腳踝,163,right,02
おやゆび,おやゆび,親指,的拇指品,164,left,05
かかと,かかと,踵,倪腳後跟、區,164,left,06
つめ,つめ,爪,指甲,164,left,00
くすりゆび,くすりゆび,薬指,無名指,164,left,08
こゆび,こゆび,小指,小指豆,164,left,09
だく,だく,抱く,抱、用卵、心懷、懷抱,164,left,
たたく,たたく,叩く,敲、叩、打、詢問徵求、拍鼓掌、生、擊、駁斥、花完、用光,164,right,
つなぐ,つなぐ,繋ぐ,挫結、繫、連起、接上、延續、維,164,right,
つまさき,つまさき,爪先,腳指甲尖端,164,right,
てくびが,てくびが,手首,手腕,165,left,17
てのこう,てのこう,手の甲,手背,165,left,18
てのひら,てのひら,手の平・掌,手掌,165,left,19
なかゆび,なかゆび,中指,中指、第三根手指,165,left,21
なぐる,なぐる,殴る,毆打、揍、草草了事、亜人殴,165,right,22
ならす,ならす,鳴らす,到鳴、啼、叫、出名、嘮叨、放、響屁,165,right,23
にぎる,にぎる,握る,握、抓、握飯團或壽司、掌握、抓、住、抓棋子,165,right,24
ぬらす,ぬらす,濡らす,浸濕、淋濕、沾濕,165,right,26
はら,はら,腹,肝子、心思内心活動、心情、情緒、心胸、度量、胎內、母體內,166,left,30
ばらばら,ばらばら,ばらばら,零散、凌亂,166,left,31
ひざ,ひざ,膝,膝蓋,166,left,32
ひじ,ひじ,肘,肘手肘,166,left,03
ひとさしゆが,ひとさしゆが,人差し指,食指,166,right,
まげる,まげる,曲げる,二彎、曲、歪、傾斜、扭曲、和歪曲、鶯、放棄、典當、偷、竊,166,right,
いっしょう,いっしょう,一生,一生、終生,167,left,01
いのち,いのち,命,生命、命、壽命,167,left,02
うむ,うむ,産む,生、產生,167,left,03
せいねんがっぴ,せいねんがっぴ,生年月日,出生年月日生日,167,left,05
たんじょう,たんじょう,誕生,各自誕生、出生、成立、創立、創,167,left,06
おい,おい,老い,老人,167,right,01
こうれい,こうれい,高齢,高齡,167,right,02
しご,しご,死後,死後、死去之後,167,right,08
せいぜん,せいぜん,生前,生前、生存時,167,right,08
けんこう,けんこう,健康,健康的健全的,168,left,94
たいじゅう,たいじゅう,体重,體重,168,right,
のびる,のびる,伸びる,變長、伸長、曳、擴展、到達、擴,168,right,
はみがき,はみがき,歯磨き,兩牙、牙膏、牙膏粉、牙刷,168,right,
はやす,はやす,生やす,使生長、留,169,left,12
かゆい,かゆい,痒い,癢的,169,left,02
ぐっすり,ぐっすり,ぐっすり,熟睡、釀睡,169,left,04
しゃっくり,しゃっくり,しゃっくり,打嗝,169,right,08
たいりょく,たいりょく,体力,體力,169,right,09
つかれ,つかれ,疲れ,疲勞、疲之、疲倦,169,right,11
どきどき,どきどき,どきどき,携通携導地跳、二上八下,169,right,12
ぬける,ぬける,抜ける,脫落、掉落、四漏、脫、離、離開、消失、散掉、湄走、壩脫,170,left,13
よわまる,よわまる,弱まる,變弱、衰弱,170,left,17
いためる,いためる,傷める・痛める,疼痛、損傷、使、痛苦、人,170,left,01
ういるす,ウイルス,ウイルス,病毒、濾過性病毒,170,right,
しゅじゅつ,しゅじゅつ,手術,手術、開刀治療,170,right,
しょうじょう,しょうじょう,症状,症狀,170,right,
じょうたい,じょうたい,状態,狀態、情況,170,right,
だうん,ダウン,ダウン,坊下、倒下、向下、落下、下隆、腿、出局、擊倒,170,right,
ちりょう,ちりょう,治療,治療、臣療、賢治,171,left,09
ぼう,ぼう,防,防備、防止、堤防,171,left,11
ほうたい,ほうたい,包帯,繃帶,171,left,12
くさい,くさい,臭い,臭的,171,right,01
けつえき,けつえき,血液,血液、血,171,right,oz
なみだ,なみだ,涙,眼淚,171,right,05
ふくむ,ふくむ,含む,帯有、包含、解、知道、含蓄、懷、鼓起,171,right,06
あらわす,あらわす,現す,現顯現、顯吉,172,left,91
しょうじょ,しょうじょ,少女,入少女、小姑娘,172,left,02
しょうねん,しょうねん,少年,少年、年少男孩,172,left,03
せいじん,せいじん,成人,成年人、成長、成人,172,left,
ちゅうこうねん,ちゅうこうねん,中高年,中年和老年、中老年,172,right,
ちゅうねん,ちゅうねん,中年,中年、中年時期,172,right,
としうえ,としうえ,年上,年長、年紀較大,172,right,
としより,としより,年寄り,老人、重臣、家老、村長、管家、退休的力士、顧問,172,right,
みす,ミス,ミス,小姐、姑娘,172,right,
めうえ,めうえ,目上,長輩、上司,173,left,11
ろうじん,ろうじん,老人,老人、老年人,173,left,12
あまちゅあ,アマチュア,アマチュア,業餘愛好者、外行,173,left,01
いもうとさん,いもうとさん,妹さん,妹妹令妹,173,left,02
おまごさん,おまごさん,お孫さん,孫子、孫女的敬稱,173,left,03
ぐるうぷ,グループ,グループ,集團、夥伴、組、幫、群,173,right,08
こいびと,こいびと,恋人,情人、意中人,173,right,oe
こうれいしゃ,こうれいしゃ,高齢者,高齢者年高者,173,right,08
しじん,しじん,詩人,詩人、寫詩的人,173,right,10
しょくにん,しょくにん,職人,工匠,174,left,05
しりあい,しりあい,知り合い,熟人朋友,174,left,16
すたあ,スター,スター,明星、主角、星狀物、星,174,right,
だん,だん,団,團、圓團、團體,174,right,
だんたい,だんたい,団体,團體、集體,174,right,
ちょう,ちょう,長,長、首領、長輩、長處,174,right,
どくしん,どくしん,独身,單身,174,right,
べてらん,ベテラン,ベテラン,老手、內行,175,left,23
ぼらんてぃあ,ボランティア,ボランティア,志工、義工,175,left,24
やぬし,やぬし,家主,房東、房主、戶主,175,left,27
ゆうじん,ゆうじん,友人,友人、朋友,175,left,28
りいだあ,リーダー,リーダー,領袖、指導者、隊長,175,right,31
いめえじ,イメージ,イメージ,影像、形象、印象,175,right,01
おしゃれ,おしゃれ,お洒落,打扮漂亮、受漂亮的人,175,right,02
かっこういい,かっこういい,格好いい,帥氣、好看,175,right,08
けしょう,けしょう,化粧,古葉化妝、打扮修飾、裝飾、裝潢,176,left,94
そっくり,そっくり,そっくり,模一様、極其相似、全部、完、原封不動,176,left,05
はで,はで,派手,華麗、花俏,176,left,07
びじん,びじん,美人,美人、漂亮的人,176,left,08
あわてる,あわてる,慌てる,富敬借、急急忙忙、匆忙、不穩定、回民工寬逃衝名,176,left,00
いじわる,いじわる,意地悪,使壞、刁難、作弄,176,right,
いたずら,いたずら,悪戯,淘氣、惡作劇、玩笑、消遣,176,right,
いらいら,いらいら,昔々,畫、他情緒急忠、不安、焦切、急蝶、連絡,176,right,
おとなしい,おとなしい,大人しい,老實、溫順、樸素、雅至,176,right,
きちんと,きちんと,きちんと,整齊、乾乾淨淨、恰好、洽當、如期、準時、好好地、牢牢地,177,left,09
けち,けち,けち,吝舊、小氣、卑賤、簡隱、心胸狹窄、不值錢,177,left,11
しょうきょくてき,しょうきょくてき,消極的,消極的、不積極,177,left,12
ばか,ばか,馬鹿,愚蠢、糊塗區,178,left,24
やるき,やるき,やる気,幹勁、想做的念豆物,178,right,
かっぷる,カップル,カップル,信一對、一對男女、一對情人、一、夫婦,179,left,04
こみゅにけえしょんし,コミュニケーションシ,コミュニケーションシ,估交流溝通,179,right,07
したしい,したしい,親しい,近、親近、親密、不稀奇,179,right,08
すれちがう,すれちがう,探れ違う,交錯、錯過去、不一致、不吻合、互相分歧、錯車,179,right,09
ちかづける,ちかづける,近付ける,使..接近、使靠近,179,right,12
でえと,デート,デート,呈、邊日期、年月日、約會、幽會,180,left,15
であう,であう,出会う,遇見、碰見,180,left,16
ぱあとなあ,パートナー,パートナー,伙伴、合作者、合夥人,180,left,18
はなしあう,はなしあう,話し合う,吧對話、談話、商量、協商、談判,180,left,03
みおくり,みおくり,見送り,送行、靜觀、觀學、放著好導,180,right,
いったい,いったい,一体,一體、同心合力、一種體裁、根本、本來、大臻上、到底、究竟,181,left,01
ちょうじょ,ちょうじょ,長女,長女大女見,181,left,05
ふうふ,ふうふ,夫婦,夫婦、夫表,181,right,07
みょうじ,みょうじ,名字・苗字,姓、姓氏,181,right,09
めい,めい,姪,姪女、外甥女,181,right,10
もち,もち,持ち,蝦負擔、持有、持久性,181,right,11
ゆらす,ゆらす,揺らす,搖擺搖動,182,left,12
りこん,りこん,離婚,離婚、解除婚姻,182,right,03
せいぶつ,せいぶつ,生物,生物、有生命的東西,183,left,04
さくら,さくら,桜,櫻花、櫻花樹、淡紅色,184,left,01
はえる,はえる,生える,生長、長出,184,left,03
ひようほん,ひようほん,標本,標本、様本、典型,184,left,04
ふるうつ,フルーツ,フルーツ,水果物,184,right,
かががくはんのう,かががくはんのう,化学反応,僵化學反應,185,left,01
だいやもんど,ダイヤモンド,ダイヤモンド,鑽石,185,left,93
りさいくる,リサイクル,リサイクル,回收、再利用,185,right,06
えねるぎい,エネルギー,エネルギー,能源、精力,185,right,01
けむり,けむり,煙,煙、煙霧,185,right,03
もやす,もやす,燃やす,燃焼起來、激起,186,left,05
ううる,ウール,ウール,羊毛、毛線、毛織品所,186,left,02
きれる,きれる,切れる,斷掉、用完,186,left,03
こっとん,コットン,コットン,棉、棉花,186,left,04
しるく,シルク,シルク,絲、絲綱、生絲,186,right,
てっこう,てっこう,鉄鋼,鋼鐵,186,right,
びにいる,ビニール,ビニール,乙烯基、乙烯基樹脂、塑膠,186,right,
ぷらすちっく,プラスチック,プラスチック,塑膠,186,right,
ぽりえすてる,ポリエステル,ポリエステル,聚乙稀、人工纖維,186,right,
いじょうきしょう,いじょうきしょう,異常気象,気候異常,187,left,02
いんりょく,いんりょく,引力,物體互相吸引的力量,187,left,03
おんど,おんど,温度,温度、熱度,187,left,04
くれ,くれ,暮れ,日暮傍晩、季末、年末,187,left,05
しっけ,しっけ,湿気,濕氣,187,right,oe
しつど,しつど,湿度,濕度,187,right,07
ちきゅう,ちきゅう,地球,地球、我們居住的星球,187,right,09
つゆ,つゆ,梅雨,梅雨、梅雨季,187,right,10
ふかまる,ふかまる,深まる,加深、變深,188,left,12
まっくら,まっくら,真っ暗,黯淡,188,left,13
まぶしい,まぶしい,敗しい,耀眼、刺眼的華麗礁目的、鮮諸的,188,left,14
むしあつい,むしあつい,蒸し暑い,悶熱的,188,left,15
うまる,うまる,埋まる,被埋上、填滿、堵住、彌補、補齊,188,left,01
すいてき,すいてき,水滴,水滴、硯水壺,188,right,
ちらす,ちらす,散らす,把...分散開、騙散、吹散、濡,188,right,
ちる,ちる,散る,凋謝散漫落離散、分散、遍佈,188,right,
つもる,つもる,積もる,積堆積、累積、佑計、計算,188,right,
つよまる,つよまる,強まる,強起來、加強、增強,189,left,09
とく,とく,溶く,溶解、化開、溶入,189,left,10
とける,とける,溶ける,溶解、融化,189,left,11
ながす,ながす,流す,使流動、沖走、使漂走、流、放逐、使流產、傳播、洗掉,189,left,12
ながれる,ながれる,流れる,中〒流動漂流、飄動、傳布、流禾、流浪、傾向、流產、作罷、偏,189,left,13
やぶれる,やぶれる,破れる,破損損傷、破壊破裂被打破、失敗,189,right,20
あな,あな,穴,洞、孔、缺點,190,left,01
こきょう,こきょう,故郷,故鄉,190,left,05
しぜん,しぜん,自然,副自然、天然、大自然自然界,190,right,
じばん,じばん,地盤,地基、地麵、地盤勢力範園,190,right,
わん,わん,湾,灣、海灣,190,right,
ちほう,ちほう,地方,地方、地區,191,left,04
どこか,どこか,どこか,售春哪裡是、豈止、非但,191,left,05
はたけ,はたけ,畑,田地早田、専業的領域,191,left,06
かこむ,かこむ,囲む,圍上、包圍、圍攻,191,right,02
せけん,せけん,世間,世間、社會,192,left,01
ちか,ちか,地下,地下、陰間、地下,192,left,02
ちく,ちく,地区,地區、地區苦家殘,192,right,03
ちゅうしん,ちゅうしん,中心,中心、當中、中心、重點、焦點、心地、中心人物,192,right,
とうよう,とうよう,東洋,東洋、亞洲東方,192,right,
ところどころ,ところどころ,所々,處處、各處、到處都是,192,right,
はんい,はんい,範囲,範圍界線,193,left,20
ひろまる,ひろまる,広まる,擴大、傳播、遍及,193,left,21
ひろめる,ひろめる,広める,擴大、增廣、普有及、推廣、披洲,193,left,22
よのなか,よのなか,世の中,社會、世間,193,right,27
かしょ,かしょ,箇所,地方、處所,193,right,oz
くだる,くだる,下る,下降、下去、下達,194,left,00
しょうめん,しょうめん,正面,正麵、對麵、直接、麵對麵,194,left,05
しるし,しるし,印,記號、符號、象徴、標記、微章、表示、紀念、商標,194,left,00
とじょう,とじょう,途上,路上、中塗,194,right,
ななめ,ななめ,斜め,斜、傾斜、不一般、不同往常,194,right,
ふたて,ふたて,二手,各兩路,195,left,16
むかい,むかい,向かい,正對麵,195,left,17
むき,むき,向き,方向、適合,195,left,18
もくてきち,もくてきち,目的地,目的地、要到達的地方,195,right,21
りょうがわ,りょうがわ,両側,兩側,195,right,24
かん,かん,館,館、建築物,196,left,01
くやくしょ,くやくしょ,区役所,東京都特別區與政令指定都市所屬、區公所,196,left,02
けいさつしょ,けいさつしょ,警察署,今警察點,196,left,03
こうみんかん,こうみんかん,公民館,文化館、活動中心,196,left,04
しやくしょ,しやくしょ,市役所,市政府、市政廳人,196,left,05
しょうぼうしょ,しょうぼうしょ,消防署,消防局、消防署,196,right,
にゅうこくかんりきょく,にゅうこくかんりきょく,入管理局,入國管理局,196,right,
ほけんじょ,ほけんじょ,保健所,保健所、衛生所,196,right,
げきじょう,げきじょう,劇場,劇院、劇場、電影院,197,left,02
ふろや,ふろや,風呂屋,浴池、澡堂,197,left,05
ほおる,ホール,ホール,大廳、會場,197,left,oe
ほいくえん,ほいくえん,保育園,幼稚園、保育園,197,left,07
あつまり,あつまり,集まり,聚會、集合,197,right,01
おおぷん,オープン,オープン,開放、公開、無蓋、散符、露天、野外,197,right,02
こんびに,コンビニ,コンビニ,便利商店,197,right,09
しょうばい,しょうばい,商売,軍人經商、買賣、生意、職業、行業,197,right,05
ちけっと,チケット,チケット,偶票、券車票、入坦券、機飄,198,left,06
ちゅうもん,ちゅうもん,注文,點餐、訂購,198,left,07
ばあげんせえる,バーゲンセール,バーゲンセール,廉價出售、大拍賣生,198,left,98
ばいてん,ばいてん,売店,小賣店入,198,left,00
しゃ,しゃ,社,公司、報社,198,right,
とうさん,とうさん,倒産,百破產、倒閉,198,right,
ほうもん,ほうもん,訪問,拜訪、訪問,198,right,
かたみち,かたみち,片道,單程、單方麵,199,left,03
けいゆ,けいゆ,経由,經過、經由,199,left,04
じゅうたい,じゅうたい,渋滞,塞車、停滯,199,right,oe
すぴいど,スピード,スピード,速度,199,right,09
そくど,そくど,速度,速度、快慢程度,199,right,10
だいや,ダイヤ,ダイヤ,仙石、列,200,left,01
たかめる,たかめる,高める,提高、提升,200,left,12
ていきけん,ていきけん,定期券,信定期車票、月票,200,left,05
ていりゅうじょ,ていりゅうじょ,停留所,公車站、電車站區,200,left,16
とおりこす,とおりこす,通り越す,送思、越組、停通越,200,right,
とばす,とばす,飛ばす,使飛起、跳過,200,right,
どらいぶ,ドライブ,ドライブ,功開車遊玩、和兜風,200,right,
のせる,のせる,乗せる,二放在高處、放到...、裝載、使搭乘、參加、騙人、誘揚、記載、刊登、合,200,right,
ぷれえき,プレーキ,プレーキ,煞車、制止、控制、潑冷水,201,left,23
めんきよ,めんきよ,免許,批准許可許可證,201,left,24
らっしゅ,ラッシュ,ラッシュ,尖峰時段、擁擠,201,left,25
ろけっと,ロケット,ロケット,火箭發動機、火箭彈、狼煙火,201,left,27
かいさつぐち,かいさつぐち,改札口,剪票口,201,left,01
かいそく,かいそく,快速,外形動快速、高速度,201,right,02
かくえきていしゃ,かくえきていしゃ,各駅停車,指電車各站都停車、普通車,201,right,08
しんかんせん,しんかんせん,新幹線,日本鐵道新幹線,202,left,08
つなげる,つなげる,繋げる,連接、維臣,202,left,09
とくべつきゅうこう,とくべつきゅうこう,特別急行,特別快車、特快車,202,left,10
のぼり,のぼり,上り,上行、往上,202,left,01
のりかえ,のりかえ,乗り換え,換乗、履乗、履描,202,left,02
のりこし,のりこし,乗り越し,坐過站,202,left,03
ふみきり,ふみきり,踏切,平交道、道口、決心,202,right,
ほおむ,ホーム,ホーム,月臺,202,right,
むかえ,むかえ,迎え,迎接、去迎接的人、接、請,202,right,
れっしゃ,れっしゃ,列車,列車火車,202,right,
つむ,つむ,積む,累積、堆積、装載、積蓄積,203,left,02
どうろ,どうろ,道路,道路、車輛行走的路,203,left,03
ぱいく,パイク,パイク,胸踏車、摩批車,203,left,05
ぶつける,ぶつける,ぶつける,扔、投、碰、撞碰上、崗上、正當、恰逢、衝突矛盾,203,right,07
れんたる,レンタル,レンタル,出租、出賃、租金,203,right,om
あてな,あてな,宛名,收件人姓名地址,204,left,01
いんたあねっと,インターネット,インターネット,綱路蝦,204,left,02
かきとめ,かきとめ,書留,掛號信,204,left,03
こうくうびん,こうくうびん,航空便,航空郵件空運列,204,left,94
こづつみ,こづつみ,小包,所寄理、回,204,left,05
そくたつ,そくたつ,速達,本功快速信件導,204,right,
たくはいびん,たくはいびん,宅配便,宅急便,204,right,
つながる,つながる,繋がる,相連、連接、聯繫、排隊、排,204,right,
ふなびん,ふなびん,船便,船運,205,left,11
やりとり,やりとり,やり取り,交換、互換、授受,205,left,12
ゆうそう,ゆうそう,郵送,郵寄,205,left,13
ゆうびん,ゆうびん,郵便,郵政、郵件,205,left,14
あんけえと,アンケート,アンケート,問卷調查、民意測驗,205,left,01
しらせ,しらせ,知らせ,通知、預兆、前兆,205,right,03
せんでん,せんでん,宣伝,宣傳、廣告,205,right,08
はやる,はやる,流行る,流行、興盛,205,right,oe
よせる,よせる,寄せる,本一他二靠近、移近、聚集、匯集、集中、加、投靠、寄身,206,left,10
あなうんす,アナウンス,アナウンス,廣播、報告還知,206,left,09
いんたびゅう,インタビュー,インタビュー,旬時會麵接見、訪問、採訪,206,left,92
ちょうかん,ちょうかん,朝刊,早報,206,right,05
どきゅめんたりい,ドキュメンタリー,ドキュメンタリー,紀錄、紀實、紀錄片,206,right,03
ますこみ,マスコミ,マスコミ,透過報紙、廣告、電視或電影等向,206,right,
ゆうかん,ゆうかん,夕刊,晚報,206,right,
おりんぴっく,オリンピック,オリンピック,奧林匹克,207,left,01
ちいむ,チーム,チーム,隊伍、團隊,207,left,05
とれえにんぐ,トレーニング,トレーニング,各色訓練、練習、回週二日,207,right,07
ばれえ,バレエ,バレエ,芭蕾舞、生國作工劑習,207,right,08
あらそう,あらそう,争う,爭礁、爭辯、奮鬥、對抗、競爭,207,right,01
かち,かち,勝ち,勝利本,208,left,03
かんぜん,かんぜん,完全,完全、完整、完美、圓滿,208,left,05
しょう,しょう,勝,勝利、名勝,208,left,00
ける,ける,蹴る,踢、沖破、拒絕、駁回,208,right,
たま,たま,球,太二,208,right,
とらっく,トラック,トラック,卡車、跑道,208,right,
ぼおる,ボール,ボール,球、壊球,208,right,
らけっと,ラケット,ラケット,球拍,208,right,
あにめ,アニメ,アニメ,動畫,209,left,01
くいず,クイズ,クイズ,問答遊戲、猜謎,209,left,04
くじ,くじ,籤,抽籤、籤,209,left,05
げえむ,ゲーム,ゲーム,遊戲、娛樂、比賽,209,left,oe
どらま,ドラマ,ドラマ,劇、連戲劇、戲劇、劇本、戲劇文學、戲劇性的事件,209,right,07
はいきんぐ,ハイキング,ハイキング,健行、遠足,209,right,oe
ばらえてぃい,バラエティー,バラエティー,綜藝、多樣化,209,right,11
ぴくにっく,ピクニック,ピクニック,郊遊、野餐、圖已夕二必夕選行,209,right,12
げいじゅつ,げいじゅつ,芸術,藝術,210,left,03
しゅつじょう,しゅつじょう,出場,出場、參賽,210,right,05
でざいん,デザイン,デザイン,設計、圖案,210,right,07
びじゅつ,びじゅつ,美術,美術、視覺藝術,210,right,05
えんか,えんか,演歌,演歌、日本通俗歌曲,210,right,04
えんそう,えんそう,演奏,演奏、演奏樂器,210,right,
きょく,きょく,曲,曲調、歌曲、彎曲,211,left,04
くらしっく,クラシック,クラシック,經典作品、古典作品、古典音樂、典的,211,left,05
じゃず,ジャズ,ジャズ,爵士音樂,211,left,oe
ばいおりん,バイオリン,バイオリン,小提琴,211,left,07
ぽっぷす,ポップス,ポップス,流行歌曲,211,left,08
あくしょん,アクション,アクション,行動動作、格門等演技,211,right,01
えすえふ,エスエフ,エスエフ,科幻,211,right,02
おぺら,オペラ,オペラ,糧表,211,right,04
かげき,かげき,歌劇,歌劇、歌劇表演,211,right,oe
こめでぃい,コメディー,コメディー,合喜劇回語,212,left,07
すとおりい,ストーリー,ストーリー,故事小説、劇情、結構,212,left,08
ぶたい,ぶたい,舞台,舞台、表演場所,212,right,
ほらあ,ホラー,ホラー,恐怖作品,212,right,
みゅうじかる,ミュージカル,ミュージカル,音樂劇、音樂的、配樂的,212,right,
かず,かず,数,數、數目、多數、種種,213,left,02
きすう,きすう,奇数,奇數,213,left,03
けた,けた,桁,横様桁架、算、的主柱、數字的位數,213,left,04
すうじ,すうじ,数字,數字、各個數字,213,left,05
せいすう,せいすう,整数,整數,213,right,06
なんばあ,ナンバー,ナンバー,數字、號碼、牌照,213,right,09
ぱあせんと,パーセント,パーセント,百分率,213,right,10
びょう,びょう,秒,江秒,213,right,01
ぷらす,プラス,プラス,加號、正號、正數、有好處、利益、加、陽性,214,left,12
まいなす,マイナス,マイナス,負數、扣分,214,left,43
いこおる,イコール,イコール,相等、等號,214,left,92
かけざん,かけざん,掛け算,及科法、四歳掛算,214,left,93
けい,けい,計,絶計、合計、計書、計,214,right,05
ししゃごにゅう,ししゃごにゅう,四捨五入,四捨五入、取近似值,214,right,07
しょうすう,しょうすう,小数,小數,214,right,08
しょうすうてん,しょうすうてん,小数点,小數點,214,right,
たしざん,たしざん,足し算,加法、加算,215,left,10
でんたく,でんたく,電卓,計算機,215,left,11
ひきざん,ひきざん,引き算,減法,215,left,12
ぶんすう,ぶんすう,分数,分數,215,left,13
わり,わり,割り・割,比例、分配,215,left,14
わりざん,わりざん,割り算,除法,215,right,16
あっぷ,アップ,アップ,生、增高、提高、上傳,215,right,oz
いちどに,いちどに,一度に,加同時地、一塊地、一下子,215,right,03
おおく,おおく,多く,多數、許多、多半、大多,215,right,04
きょり,きょり,距離,距離、間隔、差距凋,216,left,07
きらす,きらす,切らす,點用盡、用光,216,left,08
ごと,ごと,毎,每、各,216,right,
さまざま,さまざま,様々,種種、各式各樣的、形形色色的,216,right,
しょ,しょ,初,初、始、首次、最初,216,right,
すくなくとも,すくなくとも,少なくとも,至少、對低、最低限度,217,left,20
ぜん,ぜん,全,全部、全,217,left,22
せんち,センチ,センチ,厘米、公分,217,left,23
そろう,そろう,揃う,備齊、成套、一致、樣、整齊、到齊、齊聚,217,right,26
そろえる,そろえる,揃える,備齊、使一致,217,right,27
たてなが,たてなが,縦長,知形、長形,217,right,28
ちぢめる,ちぢめる,縮める,縮小、縮短縮減、縮回捲縮、起皺紋,217,right,30
つづき,つづき,続き,接續、後續,218,left,33
とう,とう,等,等等,218,left,35
とん,トン,トン,噸、公噸、一千公斤,218,right,05
なかみ,なかみ,中身,裝在容器裡的內容物、內容刀身形,218,right,07
のうど,のうど,濃度,濃度、濃淡程度,218,right,08
ひようめん,ひようめん,表面,表麵,218,right,01
ひろさ,ひろさ,広さ,寬度、幅度、廣度,219,left,44
ふくめる,ふくめる,含める,包含、包括,219,left,46
ふやす,ふやす,増やす,繁殖、増加添加、遼人手増,219,right,48
ますます,ますます,益々,轉越發、益發、更加,219,right,54
みり,ミリ,ミリ,說還、名毫、千分之一、毫米、公厘本,220,left,55
やや,やや,やや,稍微、略、片刻、一會兒財,220,left,58
いちれつ,いちれつ,一列,一列、一排,220,right,02
ちゃく,ちゃく,着,到達、穿著量詞,221,left,07
つぎつぎと,つぎつぎと,次々・次々に・次々と,接連不斷、一個接一個,221,left,
とっぷ,トップ,トップ,尖端、第一樟、領頭率先、第一位、首位、首席,221,left,09
ふたたび,ふたたび,再び,再一次、又、重新,221,left,10
れんぞく,れんぞく,連続,連續、接連,221,left,12
からあ,カラー,カラー,顏色、彩色,221,right,02
さんかく,さんかく,三角,三角形,221,right,04
しまがら,しまがら,結柄,條紋花樣,222,left,07
しまもよう,しまもよう,結模様,條紋花欄,222,left,08
じみ,じみ,地味,素氣、樸素、不華美、保守,222,left,09
すとらいぷ,ストライプ,ストライプ,條紋、條紋布,222,left,12
ずひょう,ずひょう,図表,圖表,222,right,03
ちゃいろい,ちゃいろい,茶色い,茶色形,222,right,01
はいいろ,はいいろ,灰色,灰色、介於黑白之間的顏色,222,right,
はながら,はながら,花柄,花的園様,222,right,
はなもよう,はなもよう,花模様,花的圖樣,222,right,
ぴんく,ピンク,ピンク,桃紅色、粉紅色、桃色,222,right,
まじる,まじる,混じる・交じる,奏雜、混雜、加入、交往交際,223,left,19
まっくろ,まっくろ,上真っ黒,漆黑、烏黑,223,left,20
まっさお,まっさお,真っ青,蔚藍、深藍、蒼白,223,left,21
まっしろ,まっしろ,真っ白,雪白、淨白、皓白,223,left,22
まっしろい,まっしろい,真っ白い,侈雪白的、淨白的、皓白的,223,left,23
まる,まる,丸,圓形、圓圈,223,left,24
むじ,むじ,無地,素色,223,right,26
おしえ,おしえ,教え,教導、教誨,224,left,01
かていか,かていか,家庭科,所家事、家政,224,left,05
きょうかしょ,きょうかしょ,教科書,教科書、教材,224,right,
こうみん,こうみん,公民,公民、國民成員,225,left,11
さんすう,さんすう,算数,算數、初等數學、計算數量,225,left,12
ぶつり,ぶつり,物理,事物的道理、物理,225,left,15
ほけんたいいく,ほけんたいいく,保健体育,保健體育,225,left,16
ますたあ,マスター,マスター,老闇、精妊,225,left,17
りか,りか,理科,理科、自然科學科目,225,right,48
りゅうがく,りゅうがく,留学,留學,225,right,19
がくれき,がくれき,学歴,學歷,225,right,01
しょうがくせい,しょうがくせい,小学生,小晃生,225,right,04
しん,しん,新,新、新的,226,left,05
しんがく,しんがく,進学,店升學、進修學問,226,left,oe
せんもんがっこう,せんもんがっこう,専門学校,専科抑校,226,left,08
たいがく,たいがく,退学,結退學、肖党企重探,226,left,00
だいがくいん,だいがくいん,大学院,研究所、研究生院,226,left,
たんきだいがく,たんきだいがく,短期大学,短期大學,226,right,
ちゅうがく,ちゅうがく,中学,中學,226,right,02
かきとり,かきとり,書き取り,功抄寫、記錄、聽寫、默寫、書取行,226,right,03
かだい,かだい,課題,提出的題目、課題、任務,226,right,04
くらすめえと,クラスメート,クラスメート,同班同學,227,left,06
ざいがく,ざいがく,在学,所自尖在校學習、上學,227,left,09
じかんめ,じかんめ,時間目,第...小時,227,left,10
ちゃいむ,チャイム,チャイム,組鐘、門鈴,227,left,11
ねんせい,ねんせい,年生,年級生,227,right,44
もん,もん,問,國問問正解,227,right,15
らくだい,らくだい,落第,不及格、落榜,227,right,16
いわう,いわう,祝う,祝圓、慶祝、祝福、送賀禮、致賀詞、回成人在祝,228,left,01
きせい,きせい,帰省,歸省、回家、探親,228,left,02
まねく,まねく,招く,招呼、招待、宣請、招聘、聘請、招菩、招至,228,left,05
かんづめ,かんづめ,缶詰,罐頭、被關起來,229,left,03
ごむ,ゴム,ゴム,樹膠、橡皮、橡膠,229,right,06
ささる,ささる,刺さる,刺在.、在、扎進、刺入,229,right,07
しゃもじ,しゃもじ,柱字,村子、飯村,229,right,oe
せいのう,せいのう,性能,性能、機能、數能,229,right,10
せいひん,せいひん,製品,製品産品,229,right,11
せんざい,せんざい,洗剤,洗劑,230,left,
ちゅうかなべ,ちゅうかなべ,中華なべ,中華鍋,230,left,14
でんち,でんち,電池,電池、供電的小型裝置,230,left,05
てんと,テント,テント,帳篷,230,left,06
なべ,なべ,鍋,鍋子、火鍋、四鋼野菜炒,230,left,07
のこぎり,のこぎり,銀,鋸子、板引,230,right,
はぐるま,はぐるま,歯車,齒輪,230,right,
はた,はた,旗,旗、旗幟、幡,230,right,
ひも,ひも,紐,繩子、帶子,230,right,
ふぁすなあ,ファスナー,ファスナー,拉錬,230,right,
ふた,ふた,蓋,蓋子,231,left,24
ふらいばぱん,フライバパン,フライバパン,平底鍋,231,left,27
ぺんき,ペンキ,ペンキ,油漆,231,left,28
べんち,ベンチ,ベンチ,故坐到長椅上,231,left,29
ほうちょう,ほうちょう,包丁,菜刀、廚師、烹調手藝,231,left,30
まないた,まないた,まな板,砧板,231,right,32
らいたあ,ライター,ライター,打火機,231,right,34
りぼん,リボン,リボン,緞帶、蝴蝶結,231,right,36
れいんこおと,レインコート,レインコート,麵忘了常雨衣,232,left,37
ろぼっと,ロボット,ロボット,機器人,232,left,08
あいろん,アイロン,アイロン,雇用熨斗燙,232,left,01
あるばむ,アルバム,アルバム,相簿、記念冊,232,left,02
いんき,インキ,インキ,墨水,232,left,00
いんく,インク,インク,墨水、油墨、醮墨水,232,right,04
かあど,カード,カード,卡片,232,right,06
かあぺっと,カーペット,カーペット,地午,232,right,07
かでんせいひん,かでんせいひん,家電製品,家用電器,232,right,
かなづち,かなづち,金植,釘鍾、榔頭、早鴨子,233,left,10
くうらあ,クーラー,クーラー,冷氣設備,233,left,12
じょうぎ,じょうぎ,定規,尺、規尺、標準,233,left,15
すいはんき,すいはんき,炊飯器,電子鋼同蟬,233,right,07
せともの,せともの,瀬戸物,陶瓷品,233,right,09
せんぷうき,せんぷうき,扇風機,風扇、電選,233,right,21
そうじき,そうじき,掃除機,除塵機、吸塵器,233,right,22
そふぁあ,ソファー,ソファー,沙發,234,left,23
ちょおく,チョーク,チョーク,粉筆,234,left,25
てちょう,てちょう,手帳,筆記本、雑記本,234,left,02
とおすたあ,トースター,トースター,烤麵包機生,234,left,28
はさみ,はさみ,灸,剪刀、剪票鉗頁,234,right,00
ひいたあ,ヒーター,ヒーター,裝暖氣,234,right,01
びんせん,びんせん,便箋,信紙、便箋,234,right,02
ぶんぼうでぐ,ぶんぼうでぐ,文房具,文具、文房四寶,234,right,03
みしん,ミシン,ミシン,縫紉機、着物縫上,234,right,05
すいとう,すいとう,水筒,水筒、水壺,235,left,02
びん,びん,瓶,瓶子,235,left,03
ろっかあ,ロッカー,ロッカー,置物櫃,235,left,05
かいちゅうでんとう,かいちゅうでんとう,懐中電灯,手電筒,235,right,05
かせっと,カセット,カセット,加小暗含、録音磁帯録音,235,right,00
がめん,がめん,画面,書麵、照片、相片、畫麵、鏡豆,236,left,07
けいこうとう,けいこうとう,蛍光灯,螢光燈、日光燈,236,left,09
けいたい,けいたい,携帯,手機、攜帶,236,left,10
てえぷ,テープ,テープ,窄帶、線帶、布帶、卷尺、錄音帶,236,right,
でぃすぷれい,ディスプレイ,ディスプレイ,陳列、展覧題示、題示器,236,right,
ていでん,ていでん,停電,停電停止供電,236,right,
でじたる,デジタル,デジタル,數位的、數字的、計量的,236,right,
でんきゅう,でんきゅう,電球,電燈泡,237,left,19
はあどでぃすく,ハードディスク,ハードディスク,硬森,237,left,20
びでお,ビデオ,ビデオ,影像、錄影、錄影機、錄影帶,237,left,21
ふぁっくす,ファックス,ファックス,傳真,237,left,22
ぷりんたあ,プリンター,プリンター,印表機、印相片機,237,left,23
らいと,ライト,ライト,燈光,237,left,25
ろくが,ろくが,録画,旬錄影,237,right,07
おふぃす,オフィス,オフィス,辦公室、辦事處、公司政府機関,238,left,01
おめにかかる,おめにかかる,お目に掛かる,拜見、見到,238,left,02
かたづく,かたづく,片付く,収拾、整理好、得到解決、處裡好,238,left,03
ざんぎょう,ざんぎょう,残業,計加班作,238,right,05
しつぎょう,しつぎょう,和失業,邊失業,238,right,05
じょうし,じょうし,上司,上司、工作上的主管,239,left,13
すます,すます,済ます,完成、辦完,239,left,14
すませる,すませる,済ませる,弄完辦完、償還、還清、將詢、手続済,239,left,15
たいしょく,たいしょく,退職,退休、離職,239,right,48
はたらき,はたらき,働き,勞動工作、作用、功效、功勞、功續、功能、機能,239,right,21
めいし,めいし,名刺,名片,239,right,24
めいれい,めいれい,命令,命令、規定、指令、回命令受,240,left,25
めんせつ,めんせつ,面接,試、接見會麵,240,left,26
もどり,もどり,戻り,恢復原狀、回家、歸途,240,left,27
やくにたてる,やくにたてる,役に立てる,使用、使...有用,240,left,39
れべる,レベル,レベル,水平水準、水平線、水平儀,240,right,05
わりあて,わりあて,割り当て,分配、分派,240,right,05
あなうんさあ,アナウンサー,アナウンサー,播音員、主播,241,left,01
うんてんし,うんてんし,運転士,司機、駕駛員、船員,241,left,05
えきいん,えきいん,駅員,車站工作人員站務員、回膠員間,241,right,07
えんじにあ,エンジニア,エンジニア,工程師、技師,241,right,08
おんがくか,おんがくか,音楽家,音樂家,241,right,oo
がか,がか,画家,畫家,241,right,12
かめらまん,カメラマン,カメラマン,攝影師、攝影記者,242,left,14
ぎょう,ぎょう,業,性在金融業工作,242,left,18
けいさつかん,けいさつかん,警察官,警察官警官,242,right,03
けんちくか,けんちくか,建築家,建築師,242,right,04
さっきょくが,さっきょくが,作曲家,作曲家、創作樂曲的人,243,left,27
じえいぎよう,じえいぎよう,自営業,獨立經營、獨資,243,left,29
しゃしょう,しゃしょう,車掌,車掌列車貞,243,left,30
じゅんさ,じゅんさ,巡査,巡警,243,left,31
じょゆう,じょゆう,女優,女演員,243,right,32
せいじか,せいじか,政治家,政治家、從事政治的人,243,right,34
だいく,だいく,大工,木匠、木工,243,right,35
でざいなあ,デザイナー,デザイナー,設計師、圖案家,244,left,29
のうか,のうか,農家,農民、農戸、農民的家上,244,left,40
はいゆう,はいゆう,俳優,演員,244,left,42
ぱいろっと,パイロット,パイロット,領航員、飛行駕駛只、實驗性的,244,left,43
ぴあにすと,ピアニスト,ピアニスト,鍋琴師、鋼琴家、回方演圧,244,left,04
びようし,びようし,美容師,美容師、美髮師,244,right,
ふらいとあてんだんと,フライトアテンダント,フライトアテンダント,空服員,244,right,
ぷろ,プロ,プロ,專業人士、職業選手,244,right,
ほいくし,ほいくし,保育士,保育士、幼保人員,244,right,
みゅうじしゃん,ミュージシャン,ミュージシャン,音樂家,244,right,
りょうし,りょうし,漁師,漁夫、漁民,245,left,53
かたづけ,かたづけ,片付け,整理、整頓、收拾,245,left,01
かわかす,かわかす,乾かす,曬乾、晾乾、烤乾,245,left,03
さいほう,さいほう,裁疑,裁縫縫紉,245,left,04
たたむ,たたむ,畳む,柚折、開、閣上、開閉結束、藏在心裡,245,right,oe
つめる,つめる,詰める,塞進、縮短、守候,245,right,97
ぬう,ぬう,縫う,縫、縫補、刺繡、穿過、穿行、縫合,245,right,10
こうじ,こうじ,工事,時工程、工事,246,left,02
さんぷる,サンプル,サンプル,所也疙樣品、樣本,246,left,04
のうぎょう,のうぎょう,農業,農耕、農業,246,right,00
まざる,まざる,交ざる,混雜、交雜、夾雜,246,right,01
かいすうけん,かいすうけん,回数券,回數票,247,left,01
せっと,セット,セット,一組、一套,247,right,06
ぷらんど,プランド,プランド,牌子、商標,247,right,og
ぷりぺいどかあど,プリペイドカード,プリペイドカード,預付卡,247,right,09
りょうがえ,りょうがえ,両替,衝季吃兌換、換錢、兌幣,248,left,41
れしいと,レシート,レシート,收據、發票、國選芝一下在也必。人,248,left,12
かし,かし,貸し,借出、貸款、貸方給別人的思恵,248,left,02
かしちん,かしちん,貸し賃,租金、賃費,248,left,03
ししゅつ,ししゅつ,支出,開支支出,248,right,07
じょ,じょ,助,幫助、協助,248,right,08
ただ,ただ,ただ,免費、普通、只是,249,left,10
ねあがり,ねあがり,値上がり,價格上漲、漲價,249,left,12
ねあげ,ねあげ,値上げ,提高價格、漲價,249,left,13
ぼおなす,ボーナス,ボーナス,特別紅利、花紅、獎金、額外津貼、紅利,249,left,15
いりょうひ,いりょうひ,衣料費,服裝費,249,right,01
おさめる,おさめる,納める,交、繳納,249,right,00
がくひ,がくひ,学費,學費,249,right,00
くすりだい,くすりだい,薬代,藥費,250,left,08
こうさいひ,こうさいひ,交際費,應酬費用,250,left,00
こうつうひ,こうつうひ,交通費,交通費、交通花費,250,left,10
こうねつひ,こうねつひ,光熱費,電費和瓦斯費等,250,left,01
じゅうきょひ,じゅうきょひ,住居費,久住宅費、居住費和,250,left,12
しゅうりだい,しゅうりだい,修理代,修理費,250,left,03
じゅぎょうりょよう,じゅぎょうりょよう,授業料,學費經,250,right,
しようりょう,しようりょう,使用料,使用費,250,right,
しょくじだい,しょくじだい,食事代,餐費、飯錢,250,right,
しょくひ,しょくひ,食費,伙食費、飯錢,250,right,
すいどうだい,すいどうだい,水道代,水費,250,right,
すいどうりょうきん,すいどうりょうきん,水道料金,水費,250,right,
せいかつひ,せいかつひ,生活費,生活費、生活開銷,251,left,20
ぜいきん,ぜいきん,税金,税金、税款,251,left,21
そうりょう,そうりょう,送料,郵費、運費,251,left,22
てすうりょう,てすうりょう,手数料,手續費、回扣、遼手數料,251,right,27
でんきだい,でんきだい,電気代,電費,251,right,28
でんきりょうきん,でんきりょうきん,電気料金,電費,251,right,29
でんしゃだい,でんしゃだい,電車代,電車費用,251,right,30
でんしゃちん,でんしゃちん,電車賃,電車費用,251,right,31
でんわだい,でんわだい,電話代,電話費,251,right,32
にゅゆうじょうりょう,にゅゆうじょうりょう,入場料,入場蒼、鈴坦費,252,left,33
へやだい,へやだい,部屋代,房租、住宿費,252,left,37
ほんだい,ほんだい,本代,到買書錢,252,left,38
やちん,やちん,家賃,房租,252,right,
ゆうそうりょう,ゆうそうりょう,郵送料,郵費,252,right,
ようふくだい,ようふくだい,洋服代,服裝費,252,right,
あずける,あずける,預ける,寄放、存放、委託、託付,253,left,02
かね,かね,金,金屬、錢、金錢,253,left,03
こぜに,こぜに,小銭,零錢、零用錢、少量資金,253,left,04
しょうきん,しょうきん,賞金,賞金、獎金,253,left,05
ためる,ためる,溜める,積、存、鞭、積磨停滞,253,right,07
ちょきん,ちょきん,貯金,存款、儲蓄,253,right,08
けんちょう,けんちょう,県庁,縣政府,254,left,01
こくさいてき,こくさいてき,国際的,吧國際的,254,left,03
どうちょう,どうちょう,道店,北海道的地方政府,254,right,
とちょう,とちょう,都庁,東京都政府,254,right,
ぱすぽおと,パスポート,パスポート,護照,255,left,11
みんかん,みんかん,民間,民間、民営私営,255,left,13
みんしゅ,みんしゅ,民主,民主、民主主義,255,left,14
へいたい,へいたい,兵隊,士兵軍人軍隊,255,right,04
ころす,ころす,殺す,殺死、致死、抑制、忍住、消除、埋沒、浪費、犧牲、典當、殺,256,left,05
じけん,じけん,事件,事件、案件、回事件起,256,left,
じょうけん,じょうけん,条件,了條件、條文、條款,256,left,07
つかまる,つかまる,捕まる,抓住、被捉住、逮捕、抓緊、揪住,256,right,
にせ,にせ,偽,假、假冒、廣品,256,right,
ぷらいばしい,プライバシー,プライバシー,私生活個人私密,256,right,
るうる,ルール,ルール,規章、章程、尺、界尺,256,right,
あきる,あきる,飽きる,厭倦、膩,257,left,01
うらやましい,うらやましい,羨ましい,羨慕、令人嫉妒、眼紅,257,left,05
おもいで,おもいで,思い出,回憶,257,right,08
おもいやる,おもいやる,思いやる,體諒、表同情、想像、推測,257,right,09
こうふく,こうふく,幸福,幸福、快樂滿足,258,left,07
しゅうきょう,しゅうきょう,宗教,款教,258,right,
そぼく,そぼく,素朴,樸素、純樸、質樸、純樸,258,right,
たいくつ,たいくつ,退屈,無聊、厭倦,259,left,23
ふじゆう,ふじゆう,不自由,形動、自不自由不如意、不充裕、不聽使喚、不方便,259,left,28
へいき,へいき,平気,鎮定、冷靜、不在乎、不介意、無動於衷,259,right,29
ほっと,ほっと,ほっと,放心、鬆一口氣,259,right,30
もったいない,もったいない,もったいない,可惜的、浪費的、過傍的、慢剖、不敢當,259,right,34
がまん,がまん,我慢,忍耐、克制、將就、原諒、四我慢,260,left,02
がまんづよい,がまんづよい,我慢強い,忍耐性強、有忍耐力,260,right,
きょうちょう,きょうちょう,強調,強調、樺力主張、看漲,260,right,
くせ,くせ,癖,癖好、脾氣、習慣、摺線、髪員著,260,right,
さける,さける,避ける,躲避,260,right,
じっこう,じっこう,実行,實行、落實、施行、実行移,261,left,10
じっと,じっと,じっと,男自保持穩定、一動不動、凝神、精會神、一聲不響地忍住、無所做,261,left,11
だます,だます,騙す,偶騙、欺肪、誰肪、矇騙、哄,261,right,07
ちょうせん,ちょうせん,挑戦,挑戰,261,right,18
もうしこむ,もうしこむ,申し込む,提議、提出、申請、報名、訂購、預約,262,left,25
ゆうき,ゆうき,勇気,勇氣,262,right,07
あい,あい,愛,江守愛、愛情、友情、因情愛好、愛、喜愛、喜歡、愛惜,262,right,01
あら,あら,粗,缺點、毛病,262,right,02
ねっちゅう,ねっちゅう,熱中,熱中、著迷,262,right,04
むちゅう,むちゅう,夢中,形動夢中、在睡夢福不願一切,263,left,oe
れんあい,れんあい,恋愛,戀愛,263,left,10
こうふん,こうふん,興奮,興奮、情緒高昂,263,right,01
たかまる,たかまる,高まる,高漲、提高、增長、興鶴,263,right,03
ゆかい,ゆかい,愉快,愉快、暢快、令人愉快、討人喜、歡、令人意想不到,263,right,08
よろこび,よろこび,喜び・慶び,高興、歡喜、喜悅、喜事、喜慶事、道喜、賀喜,263,right,oe
わらい,わらい,笑い,估笑、笑聲、嘲笑、譏笑、冷笑,264,left,07
かなしみ,かなしみ,悲しみ,悲哀、悲傷、憂各、悲痛,264,left,00
くるしい,くるしい,苦しい,艱苦、困難、難過、勉強,264,left,02
すとれす,ストレス,ストレス,重音、壓力、緊張、回入上上入寢骨碎痛,264,left,03
まけ,まけ,負け,輸、失敗、減價、贈品,264,left,05
わかれ,わかれ,別れ,別、離別、分離、分支、旁系,264,right,06
いかり,いかり,怒り,憤怒,264,right,01
さわぎ,さわぎ,騒ぎ,騷動、吵鬧,264,right,02
しょっく,ショック,ショック,震動、刺激打撃,264,right,03
ぼうりょく,ぼうりょく,暴力,暴力、武力,264,right,05
もんく,もんく,文句,異議,265,left,oe
こうかい,こうかい,後悔,後悔、懊悔,265,left,02
たすかる,たすかる,助かる,得救、有幫助,265,left,03
にくらしい,にくらしい,憎らしい,討厭的、可恨的,265,left,04
はんせい,はんせい,反省,反省、檢討自己,265,left,95
もうしわけない,もうしわけない,申し訳ない,實在抱歉、非常對不起、十分對不起,265,right,07
れいぎ,れいぎ,礼儀,禮儀、禮節、禮法、禮貌,265,right,00
わび,わび,詫び,賠不是、道歉、表示歉意,265,right,01
あいでぃあ,アイディア,アイディア,主意、想法、構想、觀念較,266,left,02
あんがい,あんがい,案外,意想不到、出平意外,266,left,03
おもいえがく,おもいえがく,思い描く,在心神描給想像,266,left,95
おもいつく,おもいつく,思い付く,想起、想起來言,266,right,06
かんがえ,かんがえ,考え,思想、想法、意見、念頭観念、信念,266,right,09
ごかい,ごかい,誤解,誤解、誤會,267,left,11
つい,つい,つい,不知不覺、無意中,267,left,13
ねらい,ねらい,狙い,目標、目的、暗準、幸準、回獲外,267,left,15
まよう,まよう,迷う,迷、迷失、困惑、迷戀、執迷、加亂、錯亂,267,right,48
もしかしたら,もしかしたら,もしかしたら,信語人或許、萬一可能、說不定,267,right,19
もしかして,もしかして,もしかして,佃輸一或許、可能,267,right,20
もしかすると,もしかすると,もしかすると,也許、或、可能,267,right,21
よそう,よそう,予想,預想、預測,267,right,22
おもいきり,おもいきり,思い切り,衝動斷念、死心、果斷、下決心、狠、随地、書情地、徹底的,268,left,02
おもわず,おもわず,思わず,禁不住、不由得、意想不到地、下、意識地,268,left,03
かくす,かくす,隠す,時藏起來、隱瞞、掩蓋,268,left,00
かもしれない,かもしれない,かもしれない,二也許、也未可知、四言堂,268,left,09
さくじょ,さくじょ,削除,刪除,268,right,
しょうりやゃく,しょうりやゃく,省略,省略、略去不寫,268,right,
たのみ,たのみ,頼み,懇求、請求、拜託、信賴、依靠,269,left,17
てってい,てってい,徹底,徹底、傳遍、普遍、落實,269,right,24
とうぜん,とうぜん,当然,當然、理所當然,269,right,25
ぬるい,ぬるい,温い,微溫、不冷不熱、不夠熱,269,right,26
のこす,のこす,残す,留下、剩下,270,left,27
かなり,かなり,かなり,相党、眼,270,left,03
さいこう,さいこう,最高,最高、至高、上、頂、極、最,270,right,04
さいてい,さいてい,最低,最低最差、最壊,270,right,05
そのうえ,そのうえ,その上,又、而且、加之、兼之,270,right,06
そのうち,そのうち,その内,最近、過幾天、不久、其中,270,right,07
それぞれ,それぞれ,それぞれ,各自、分別,270,right,08
ちゅうもく,ちゅうもく,注目,注目、注視,271,left,11
まとめ,まとめ,纏め,整理、總結,271,right,09
える,える,得る,本得、得到、領悟、理解、能夠,272,left,03
ぜったい,ぜったい,絶対,絕對、無與倫比、堅絕、斷然、一定,272,right,
てき,てき,的,關於、對於、表示、態或性質,272,right,
できごと,できごと,出来事,事件變故,273,left,12
にせる,にせる,似せる,模仿仿效、偽千,273,right,18
はつめい,はつめい,発明,發明,273,right,20
まちがう,まちがう,間違う,做錯、搞錯、錯誤,273,right,24
ごがく,ごがく,語学,外語的學習、外語、外語課,274,right,03
こくご,こくご,国語,一國的語吉、本國語吉、言,274,right,04
しめい,しめい,氏名,姓與名、姓名,274,right,05
ずいひつ,ずいひつ,随筆,隨筆、小品文、散文、雜文,274,right,06
ひょうご,ひょうご,標語,標語、宣傳口號,274,right,08
ぶんたい,ぶんたい,文体,文體、文章風格,275,left,11
やくす,やくす,訳す,翻譯,275,left,14
よみ,よみ,読み,吟、讀、訓讀、判斷、盤算,275,left,15
あどばいす,アドバイス,アドバイス,課提出建議,275,right,02
うわさ,うわさ,噂,傳聞、謠言,276,left,10
おかえりなさい,おかえりなさい,お帰りなさい,王回來了言,276,right,03
おかけください,おかけください,おかけください,請坐,276,right,04
おかまいなく,おかまいなく,お構いなく,不管不在平、不介意,276,right,05
おげんきですか,おげんきですか,お元気ですか,你好嗎,276,right,06
おさきに,おさきに,お先に,先離開了、先告辭了,276,right,07
おじゃまします,おじゃまします,お邪魔します,打援了是、邪魔,277,left,19
おせわになりました,おせわになりました,お世になりました,貧受您照顧了,277,left,20
おまちください,おまちください,お待ちください,請等一下,277,left,21
おまちどおさま,おまちどおさま,お待ち遠様,久等了,277,left,22
おめでとう,おめでとう,おめでとう,恭喜,277,left,23
おやすみ,おやすみ,お休み,遼休休,277,right,24
おん,おん,御,表示敬意,277,right,26
けいご,けいご,敬語,敬語、禮貌語,277,right,27
ごえんりょなく,ごえんりょなく,ご遠慮なく,請不用客氣、回、遠慮,277,right,28
ごめんください,ごめんください,ごめんください,皿形和重半不起有人,277,right,29
じつは,じつは,実は,卓說真的、老實說、事實是、說實在的,277,right,30
しつれいします,しつれいします,失礼します,告辭、打擾了,278,left,31
じょうだん,じょうだん,元談,玩笑,278,left,32
ぜひ,ぜひ,是非,務必、好與壇,278,right,05
つまり,つまり,つまり,阻塞、困罕、到頭、盡頭、總,279,left,42
でんごん,でんごん,伝言,傳話、口信、帶口信,279,left,44
どんなに,どんなに,どんなに,法様、多摩如何、無論如何,279,left,45
なにか,なにか,何か,某物、某事,279,left,47
ばいばい,バイバイ,バイバイ,再見,279,right,48
ひようろん,ひようろん,評論,評論、批評討論,279,right,49
まねる,まねる,真似る,模效、仿效、和人和,279,right,52
まるで,まるで,まるで,簡直、全部、完全、好像、宛如、恰如,279,right,53
めっせえじ,メッセージ,メッセージ,訊息、留言,279,right,54
よいしょ,よいしょ,よいしょ,嘿咻人,280,left,55
しょもつ,しょもつ,書物,書書籍園書,280,right,
たいとる,タイトル,タイトル,題目、標題、稲納、職稱,281,left,12
だいめい,だいめい,題名,題名、標題,281,left,13
でえた,データ,データ,論據、論證的事實、材料、資料、敷,281,left,15
としょ,としょ,図書,圖書,281,right,47
ぱんふれっと,パンフレット,パンフレット,小冊子,281,right,18
ぴら,ぴら,ぴら,傳單,281,right,19
めくる,めくる,捲る,翻、翻開、揭開、掀開,281,right,21
あくる,あくる,明くる,次、翌、明、第二,283,left,01
いつでも,いつでも,何時でも,入無論什麼時候、隨時、經常、總是,283,left,04
いまに,いまに,今に,時就要、即將、馬上、至今、直到現,283,left,05
えいえん,えいえん,永遠,永遠、永恆、永久,283,right,08
えいきゅう,えいきゅう,永久,永久、永遠,283,right,09
きしょう,きしょう,起床,起床、起身下床,284,left,43
じき,じき,時期,時期、時候、期間季節,284,left,01
してい,してい,指定,指定、指定選定,284,right,
しばる,しばる,縛る,綁、束縛,284,right,
しゅんかん,しゅんかん,瞬間,有間、測那間、測那當時。的,284,right,
しょうしょう,しょうしょう,少々,少許、一點、稍稍、片刻、少々待,284,right,
しょうみ,しょうみ,正味,實質內容、淨剩部分、淨重、實數、價、不折不扣的價格、批發價,284,right,
ずれる,ずれる,ずれる,錯位、動、離題、背離,285,left,23
そのころ,そのころ,そのころ,當時、那時,285,left,24
ただちに,ただちに,直ちに,立即、立刻、直接、親自、臣困,285,left,25
たちまち,たちまち,たちまち,轉眼間一瞬間、很快、立刻、忽多、突然,285,left,26
たらず,たらず,足らず,加分足着,285,right,29
ちかぢか,ちかぢか,近々,近日、不久,285,right,01
つぶす,つぶす,潰す,毀壞、弄碎、熔毀、熔化、消磨、消耗、宰殺、堵死、填滿,285,right,32
どうじ,どうじ,同時,同時、同一時間,285,right,03
とたん,とたん,途端,正曽...的時候、剛...的時,286,left,35
ながびく,ながびく,長引く,拖長、延長,286,left,38
はつ,はつ,発,出發、發出,286,left,09
ふきそく,ふきそく,不規則,不規則、無規律、不整齊、凌亂,286,right,
ぶさた,ぶさた,無沙汰,久末通信、久違、久疏問候,286,right,
ふだん,ふだん,普段,平常、平日,286,right,03
まっさき,まっさき,上真っ先,最前麵、首先、最先,286,right,05
まもなく,まもなく,間も無く,馬上、一會見、不久,286,right,05
おひる,おひる,お昼,白天、中飯、午餐,287,left,01
がんじつ,がんじつ,元日,元旦,287,left,03
がんたん,がんたん,元旦,元旦、新年第一天,287,left,04
さきおととい,さきおととい,一昨昨日,大前天、前三天、人宮,287,left,05
しょじゅん,しょじゅん,初旬,初旬、上旬,287,right,10
しんねん,しんねん,新年,新年、新的一年,287,right,01
せいれき,せいれき,西暦,西居、西元,288,left,12
せんせんげつ,せんせんげつ,先々月,上上個月,288,left,13
せんせんしゅう,せんせんしゅう,先々週,上上週,288,left,14
つきひ,つきひ,月日,日奥月、歳月、時光、日月、日期,288,left,45
とうじつ,とうじつ,当日,當天、當日、那一天,288,left,16
としつき,としつき,年月,年和月、歳月、光陰、長期長年、羅月、多年來,288,left,
にちじ,にちじ,日時,日期時間,288,right,08
にちや,にちや,日夜,日夜、綿是経常不斷地,288,right,00
にっちゅう,にっちゅう,日中,白天、日本與中國,288,right,01
にってい,にってい,日程,日程毎天的計書,288,right,02
ねんかん,ねんかん,年間,年間、一年期間,288,right,03
ねんげつ,ねんげつ,年月,年月、光除、時間、長年月,289,left,24
ねんじゅう,ねんじゅう,年中,全年、一年到頭,289,left,25
ねんど,ねんど,年度,年度、會計或學校年度,289,left,27
はやおき,はやおき,早起き,早起,289,left,28
はんつき,はんつき,半月,半個月、半月形、上弦月,289,left,29
はんにち,はんにち,半日,半天,289,left,30
ひがえり,ひがえり,日帰り,當天來回,289,right,31
ひづけ,ひづけ,日付,日期,289,right,32
ひるすぎ,ひるすぎ,昼過ぎ,過午、中午過後,289,right,34
ひるまえ,ひるまえ,昼前,上午、中午前,289,right,35
へいせい,へいせい,平成,平成、日本年號,289,right,36
まふゆ,まふゆ,真冬,隆冬、正冬天,290,left,37
よなか,よなか,夜中,半夜深夜、午夜,290,left,40
いこう,いこう,以降,以後之後,290,left,01
いつか,いつか,何時か,末來的不定時間、改天、過去的不、時間以前、不知不覺,290,right,
いつまでも,いつまでも,何時までも,到什麼時候也...、始終、永遠,290,right,
いらい,いらい,以来,以來、以後、今後、將來,290,right,05
きんだい,きんだい,近代,近代、現代,290,right,07
げん,げん,現,現、現在的,290,right,05
げんし,げんし,原始,原始、自然,291,left,10
さからう,さからう,逆らう,逆、反方向、人違背、違抗、抗、違荔,291,left,14
さきほど,さきほど,先程,側剛、方,291,right,15
すえ,すえ,末,結尾、末了、末端、盡頭、將來、未來、前途、不重要的、瑣事,291,right,07
せんご,せんご,戦後,戰後,291,right,08
ちゅうせい,ちゅうせい,中世,中世紀,291,right,19
とうじ,とうじ,当時,現在、目前、営時、那時,291,right,20
のちほど,のちほど,後程,稍後、過一會兒,292,left,21
らい,らい,来,下個、未來,292,left,23
いちじ,いちじ,一時,某時期、一段時間、那時、暫時、點鐘、同時、一下子,292,left,01
えんちょう,えんちょう,延長,延長、拉長時間,292,left,02
たんき,たんき,短期,短期、短時間,292,right,
ていきてき,ていきてき,定期的,定期、一定的期間,292,right,
いど,いど,井戸,井,293,left,02
がいしゅつ,がいしゅつ,外出,出門、外出,293,left,03
かおく,かおく,家屋,房屋、家屋,293,left,05
くらし,くらし,暮らし,度日、生活、生計、家境,293,right,oe
じたく,じたく,自宅,自己家,293,right,07
じゅうきょ,じゅうきょ,住居,住所、住宅,293,right,08
しゅうぜん,しゅうぜん,修繕,修繕、修理,293,right,09
じゅうたく,じゅうたく,住宅,住宅、住人的房子,293,right,10
じゅうたくち,じゅうたくち,住宅地,住宅區,293,right,11
すたあと,スタート,スタート,開始、出發,294,left,42
とりこわす,とりこわす,取り壊す,拆除,294,left,16
のき,のき,軒,屋簷,294,left,07
あまど,あまど,雨戸,木板套、滑窗,294,right,
いしがき,いしがき,石垣,石牆,294,right,02
かきね,かきね,垣根,禿色、柵欄、圍牆,294,right,03
かわら,かわら,瓦,瓦、屋頂瓦片,294,right,04
すきま,すきま,隙間,空隙、隙継、空間、開中,295,left,05
すずむ,すずむ,涼む,乗涼、納涼,295,left,oe
へい,へい,堀,圍牆、牆院、柵欄,295,left,07
ものおき,ものおき,物置,庫房、倉房,295,left,08
れんが,れんが,煉瓦,磚瓦,295,left,09
あわ,あわ,泡,泡、沫、水花,295,left,01
いた,いた,板,木板、薄板,295,right,02
かいてき,かいてき,似適,舒適、暢快愉快,295,right,08
かんき,かんき,換気,換氣、通風、使空氣流通,295,right,04
きゃくま,きゃくま,客間,客廳,295,right,08
ざしき,ざしき,座敷,日本式客廳、酒席、宴會、應酬、宴客的時間、接待客人,295,right,07
しく,しく,敷く,鋪、布置,295,right,08
しょうじ,しょうじ,障子,日本式紙拉門、隔羽,296,left,o
しょくたく,しょくたく,食卓,餐桌,296,left,10
しょさい,しょさい,書斎,書房、書齋,296,left,11
せんめん,せんめん,洗面,洗臉,296,left,12
ちらかす,ちらかす,散らかす,吧弄得生華人本、到處亂放、亂扔,296,left,13
ちらかる,ちらかる,散らかる,旺.凌亂、亂七八糟、到處都是,296,left,14
てあらい,てあらい,手洗い,洗手洗手盆、洗手用的水洗手間、手洗行。匣,296,right,05
とこのま,とこのま,床の間,壁龕、和室裝飾空間,296,right,05
ひっこむ,ひっこむ,引っ込む,引退、隱居、縮進、縮入、入、拉進、拉攏,296,right,07
たもと,たもと,袂,袖口、橋邊,296,right,
べんじょ,べんじょ,便所,廁所、便所,297,left,21
めいめい,めいめい,銘々,各自毎個人,297,left,23
ものおと,ものおと,物音,響聲、響動、聲音,297,left,24
やぶく,やぶく,破く,撕破、弄破,297,left,25
うすぐらい,うすぐらい,薄暗い,微暗的、陰暗的,297,left,01
かしま,かしま,貸問,出租的房間,297,right,02
かしや,かしや,貸家,出租的房子,297,right,03
すまい,すまい,住まい,居住、住處、寓所、地址,297,right,06
だんち,だんち,団地,工業區、住宅區,297,right,07
おうせい,おうせい,旺盛,旺盛、非常有活力,298,left,02
おかわり,おかわり,お代わり,再來一杯、一碗,298,left,09
きぐ,きぐ,器具,器具、用具,298,left,09
かろりい,カロリー,カロリー,卡路里、熱量,298,left,65
くう,くう,食う,吃、咬,298,right,06
こうきゅう,こうきゅう,高級,高高級、高,298,right,07
こんだて,こんだて,献立,菜單、計畫,298,right,09
さしみ,さしみ,刺身,生魚片,298,right,00
さっぱり,さっぱり,さっぱり,清爽、乾脆,299,left,11
しおからい,しおからい,塩辛い,吧鹹的,299,left,12
しつこい,しつこい,しつこい,過於濃的、油膩、執近、糾纏不休,299,left,13
じょうひん,じょうひん,上品,高雅、上等,299,left,16
しょくせいかつ,しょくせいかつ,食生活,飲食生活,299,right,17
しょくよく,しょくよく,食欲,食慾,299,right,08
そまつ,そまつ,粗末,粗糖、不精緻、疏忽、簡慢、糟中,299,right,20
ちゅうしょく,ちゅうしょく,昼食,午飯、午餐、中飯、中餐,299,right,01
ちょうしょく,ちょうしょく,朝食,早餐,299,right,22
つぐ,つぐ,注ぐ,倒入、注入,300,left,24
のこらず,のこらず,残らず,部、笑通、一個不剰和,300,left,25
のみかい,のみかい,飲み会,喝酒的聚會,300,left,26
ばいきんぐ,バイキング,バイキング,自助餐、吃到飽,300,left,27
まかなう,まかなう,賭う,供給飯食供給、供應、維持,300,left,28
よくばる,よくばる,欲張る,貪婪、貪心、貪得無壓,300,right,01
うぃすきい,ウィスキー,ウィスキー,威士忌,300,right,02
おかず,おかず,お数・お葉,菜飯、菜館,300,right,03
くりいむ,クリーム,クリーム,鮮妨油、奶酪、膏狀化妝品、皮鞋油、冰淇淋,301,left,08
じさん,じさん,持参,自備、攜帶,301,left,09
しょくえん,しょくえん,食塩,遼食塩砂糖味付,301,right,10
しょくもつ,しょくもつ,食物,食物、可吃的東西,301,right,02
とうふ,とうふ,豆腐,還豆腐很便宜,302,left,06
めし,めし,飯,飯、餐,302,left,
もる,もる,盛る,盛滿、裝滿、堆滿、堆高、配藥、下毒、刻劃、標刻度由,302,left,20
れいとうしょくひん,れいとうしょくひん,冷凍食品,冷凍食品、冷凍保存的食品,302,left,02
うすめる,うすめる,薄める,稀釋、弄淡,302,right,03
かねつ,かねつ,加熱,加熱、高溫處理,302,right,04
こがす,こがす,焦がす,弄糊、烤焦、燒焦、焦急、慮、用香薰,302,right,05
すいじ,すいじ,炊事,高調、煮飯,303,left,07
そそぐ,そそぐ,注ぐ,注入、傾注,303,left,08
ちょうみりょう,ちょうみりょう,調味料,調味料、佐料,303,left,09
できあがり,できあがり,出来上がり,完成、做好的結果,303,left,10
できあがる,できあがる,出来上がる,完成、做好、天性、生來就,303,left,11
ねっする,ねっする,熱する,加熱、變熱、發熱、熱中於、興奮激動,303,left,12
ひをとおす,ひをとおす,火を通す,加熱、煮熟,303,right,13
ゆげ,ゆげ,湯気,蒸氣、熱氣、水珠、水滴,303,right,04
れいとう,れいとう,冷凍,冷凍、低溫凍結,303,right,05
ずみ,ずみ,済み,完了、完結、付清、付族,304,left,06
ひび,ひび,鯉・交,裂痕、龜裂,304,left,
いりょうひん,いりょうひん,衣料品,衣料、衣服,305,left,02
おでかけ,おでかけ,お出掛け,出門正要出門,305,left,94
かおり,かおり,香り,芳香、香気,305,left,05
きれ,きれ,切れ,衣料、布頭、碎布,305,right,07
けがわ,けがわ,毛皮,毛皮、動物皮毛,305,right,08
しみ,しみ,染み,汗垢、玉沖,305,right,09
つるす,つるす,吊るす,懸起、吊起、掛著,305,right,10
どれす,ドレス,ドレス,女西服、洋裝、女禮服,305,right,11
ねまき,ねまき,寝間着,睡衣,306,left,12
はだぎ,はだぎ,肌着,襯衣、汗衫,306,left,03
はなやか,はなやか,華やか,華鹿、輝糧、活躍、引人注目,306,left,14
ふくそう,ふくそう,服装,服裝、服餓,306,left,15
ふくらむ,ふくらむ,膨らむ,鼓起、膨脹、岩嘴,306,left,06
みずぎ,みずぎ,水着,泳裝,306,left,07
もだん,モダン,モダン,現代的、流行的、時髦的,306,right,08
ゆかた,ゆかた,浴衣,浴衣着,306,right,09
ゆったり,ゆったり,ゆったり,六寬敞舒適、記服着,306,right,00
わふく,わふく,和服,日本和服、和服,306,right,01
わんぴいす,ワンピース,ワンピース,連身裙、洋裝,306,right,02
えぷろん,エプロン,エプロン,圍裙,307,left,03
おび,おび,帯,衣帶、腰帶、帶、的簡稱,307,left,04
かぶせる,かぶせる,被せる,蓋上、戴上,307,left,05
げた,げた,下駄,木履,307,left,07
じかに,じかに,直に,三接地、親自地、貼身,307,right,08
たび,たび,足袋,日式白布襪,307,right,oy
たれさがる,たれさがる,垂れ下がる,垂下,307,right,10
ながそで,ながそで,長袖,長袖、袖子較長的衣服,307,right,12
ばんど,バンド,バンド,樂團、帶子,307,right,13
ぶろおち,ブローチ,ブローチ,胸針,307,right,14
ほころびる,ほころびる,綻びる,脫線、使微微地張開、綻放,308,left,15
ほどく,ほどく,解く,拆解,308,left,06
けいと,けいと,毛系,毛線,308,left,00
てぬぐい,てぬぐい,手ぬぐい,布手中,308,left,02
ようもう,ようもう,羊毛,羊毛、羊身上的毛,308,right,05
わた,わた,綿,棉、棉花、柳囚、絲棉,308,right,06
かつぐ,かつぐ,担ぐ,扛、挑、推舉、擁戴、受騙,309,left,03
きんにく,きんにく,筋肉,肌肉,309,left,04
こしかける,こしかける,腰掛ける,坐下,309,right,oe
ころぶ,ころぶ,転ぶ,跌倒,309,right,07
しせい,しせい,姿勢,姿勢、態度,309,right,08
しゃがむ,しゃがむ,しゃがむ,語蹲下撿小石頭,309,right,09
しんしん,しんしん,心身,身和心、精神和肉體,309,right,00
ていれ,ていれ,手入れ,収拾、修整、検里、捜捕時,310,left,14
どうさ,どうさ,動作,時動作,310,left,15
とびはねる,とびはねる,飛び跳ねる,跳躍,310,left,
にぶい,にぶい,鈍い,鈍、不鋒利、慢、遲鈍、動作緩慢、朦朧,310,left,07
はだか,はだか,裸,裸體、沒有外皮的東西、精光、身無、文、不存先入之見、不裝飾門麵,310,right,
みあげる,みあげる,見上げる,仰視、仰誼、欽佩、尊敬、景仰,310,right,00
もたれる,もたれる,もたれる,依靠、憑靠、消化不良,310,right,01
わき,わき,脇,腋下、旁邊,311,left,23
あむ,あむ,編む,編、織、編輯、編纂,311,left,01
うがい,うがい,うがい,漱口,311,left,03
おもなが,おもなが,面長,長臉,311,right,07
けむい,けむい,煙い,煙撲到臉上使人無法呼吸、嗆人,311,right,11
こきゅう,こきゅう,呼吸,呼吸、吐納歩調、說、回呼吸,312,left,
しらが,しらが,白髪,日頭胡,312,left,06
すきとおる,すきとおる,透き通る,透明、清澈,312,left,07
するどい,するどい,鋭い,尖的、鋒利的、舌鋭的、烈、強烈、敏銳、聰明回,312,right,
そる,そる,剃る,剃、刮,312,right,
ためいき,ためいき,ため息,嘆氣、長吁短嘆,312,right,
たらす,たらす,垂らす,滴、垂,312,right,
ちぢれる,ちぢれる,縮れる,捲曲、起皺、出摺、毛縮,312,right,
つっこむ,つっこむ,突っ込む,衝入、閣入、深入、塞進、插入、沒入、深入追究,313,left,24
つや,つや,湯,光澤、潤澤、興趣精彩弁事、風流事,313,left,25
のぞく,のぞく,覗く,嗲視、探視、往下看、晃一眼、暑探他人秘,313,left,26
はさまる,はさまる,挟まる,夾在中間,313,left,27
ばっちり,ばっちり,ばっちり,眼大而水汪汪、睜大眼睛、轅目訪!了五戰世紀工必,313,left,28
ひとみ,ひとみ,瞳,瞳孔、眼睛,313,left,29
ほほえむ,ほほえむ,微笑む,微笑、含笑、微開、條開,313,right,31
ぼんやり,ぼんやり,ぼんやり,模糊、不清楚、迷糊、傻查、楞、心不在焉、笨蛋、呆子,313,right,32
みおろす,みおろす,見下ろす,俯視、往下看、輕視、萄視、看、不起、視線從上往下移動,313,right,34
みつめる,みつめる,見詰める,三二凝視、注視、盯著、國顏砷見選鄉召,313,right,35
あおぐ,あおぐ,扇ぐ,搧、仰望,314,left,01
あしあと,あしあと,足跡,胸印、蹤跡、事蹟、業績,314,left,02
あしもと,あしもと,足元,腳下、腳步、身旁、附近,314,left,03
あしをはこぶ,あしをはこぶ,足を運ぶ,去、前往拜訪,314,left,04
きよう,きよう,器用,形靈巧、精巧、手藝巧妙、精明、六人介全人誠久,314,left,05
くむ,くむ,波む,打水、汲取,314,right,05
こぐで,こぐで,汗ぐ,劃船、搖檔、蕩槳、蹤,314,right,08
こする,こする,擦る,摩擦、搓,314,right,09
しびれる,しびれる,痺れる,麻木、因強烈刺激而興奮,314,right,
しぼる,しぼる,絞る,擰、擠、榨,314,right,01
すっと,すっと,すっと,動作迅速地、和飛快、輕快、輕鬆、痛快、輕鬆,315,left,13
たちどまる,たちどまる,立ち止まる,站住、停步、停下,315,left,14
ちぎる,ちぎる,ちぎる,摘取、揪、接動,315,left,15
のろのろ,のろのろ,のろのろ,遲緩、慢吞吞地,315,left,17
はがす,はがす,剥がす,剝下、揭下,315,right,08
ふさがる,ふさがる,塞がる,阻塞、關閉、佑用、佑満,315,right,20
ふし,ふし,節,節、關節、曲調,315,right,21
ぶらさげる,ぶらさげる,ぶら下げる,佩帶、懸掛、手提、挫,315,right,23
ふれる,ふれる,触れる,接觸、提到,316,left,25
もちあげる,もちあげる,持ち上げる,舉起、抬起,316,right,07
いでん,いでん,遺伝,遺傳,317,left,01
いでんし,いでんし,遺伝子,基因,317,left,02
じんめい,じんめい,人命,人命、人的生命,317,left,05
せいめい,せいめい,生命,生命、壽命、重要的東西、關鍵、命、根子,317,right,07
じさつ,じさつ,自殺,自殺、自己結束生命,318,left,04
ししゃ,ししゃ,死者,死者、死人,318,left,05
したい,したい,死体,屍體,318,left,00
じゅみょう,じゅみょう,寿命,壽命、耐用期限,318,left,07
しわ,しわ,しわ,徐紋、纖折、摺子,318,left,08
せいぞん,せいぞん,生存,生存、活著存在,318,right,
いけない,いけない,いけない,不好、糟糕、沒希革不行、能喝酒、不能喝酒的人、不許、不可,319,left,02
こんなに,こんなに,こんなに,這樣、如此,319,left,04
さほう,さほう,作法,禮法、作法,319,left,05
そくてい,そくてい,測定,測定測量,319,right,og
ちぢむ,ちぢむ,縮む,縮縮小、抽縮起鍛紋、出拘、畏縮、退縮、惶恐、縮回去、縮進去,319,right,oo
はついく,はついく,発育,發育、成長,319,right,11
ひるね,ひるね,昼寝,午睡,319,right,12
わかわかしい,わかわかしい,若々しい,年輕有朝氣的、年輕輕的富人、氣的,319,right,03
あれる,あれる,荒れる,天氣弦壞、變粗糖、芒廢、醫、暴辰、胡鬧、秩序混亂,320,left,03
くずす,くずす,崩す,拆毀、打亂,320,right,
しょうもう,しょうもう,消耗,消費、消耗、耗盡、勞、磨損,320,right,00
しんたい,しんたい,身体,身體、人體,320,right,01
たいおん,たいおん,体温,體溫,321,left,13
とれる,とれる,取れる,脫落、掉下、需要、去掉、刪除、協調、均和,321,left,14
はかる,はかる,計る,測量、計量、推測、揣測、徵詢、諮詢,321,left,15
まわす,まわす,回す,轉、轉動、傳遞、傳送、調職、各處活動奔走、想辦法、運用,321,left,17
めまい,めまい,目眩,頭暈眼花,321,left,18
よみがえる,よみがえる,蘇る,甦醒、復活、復興復甦、回復、重新想起,321,right,19
いたみ,いたみ,痛み,疼痛、損傷,321,right,ot
いたむ,いたむ,痛む,療痛、苦悩、損壌,321,right,02
うなる,うなる,唸る,呻吟、吼叫、發出鳴聲、吩、哼、贊同、喝彩,321,right,03
こる,こる,凝る,凝固、入迷、講究,322,left,05
ずつう,ずつう,頭痛,頭痛、頭部疼痛,322,left,00
むしば,むしば,虫歯,王歯星牙,322,left,08
がい,がい,害,江人為害、損害、災害妨大,322,right,02
かぜぐすり,かぜぐすり,風邪薬,感冒藥,322,right,05
がち,がち,勝ち,往往、容易、動還大部分是,322,right,
かんびょう,かんびょう,看病,看護,322,right,
くるしめる,くるしめる,苦しめる,使痛苦、欺負,323,left,07
こうかてき,こうかてき,効果的,有效的,323,left,08
こうりょく,こうりょく,効力,效力、效果、效應、二《,323,left,09
こくふく,こくふく,克服,克服、戰勝困難,323,left,10
こっせつ,こっせつ,骨折,骨折、骨頭斷裂,323,left,11
さしつかえ,さしつかえ,差し支え,不方便、障礙、妨礙,323,left,12
じゅうしょう,じゅうしょう,重傷,重傷、嚴重受傷,323,right,13
しょうどく,しょうどく,消毒,消毒、殺菌處理,323,right,16
せいかつしゅうかんびょう,せいかつしゅうかんびょう,せいかつしゅうかんびょう,文明病,323,right,17
たたかう,たたかう,戦う・闘う,作戦、戦事、門事、競費,323,right,48
ていか,ていか,低下,降低、低落,324,left,01
てきせつ,てきせつ,適切,適當、恰當、妥切有,324,left,20
でんせん,でんせん,伝染,信染、傳染,324,left,21
ゆけつ,ゆけつ,輸血,輸血、輸入血液,324,left,24
あせ,あせ,汗,汗、汗水,324,right,01
きゅうよう,きゅうよう,休養,休養、休息調養,324,right,04
じゅんかん,じゅんかん,循環,循環、反覆流動,325,left,07
しょうか,しょうか,消化,掌握、理解、容納、吸收、處理,325,left,08
しょうべん,しょうべん,小便,小便、尿,325,left,09
しんけい,しんけい,神経,神經、察覺力威覺、神經作用,325,right,10
えんじ,えんじ,園児,幼園章,326,left,02
おんなのひと,おんなのひと,女の人,女人、女性,326,left,03
かくう,かくう,架空,虛構、空想,326,left,
かくじ,かくじ,各自,每個人、各自、回各自用意才名,326,left,05
かげ,かげ,影,影子、倒影、路影形中,326,right,05
かねそなえる,かねそなえる,兼ね備える,兩者兼備,326,right,
けはい,けはい,気配,跡象、苗頭、氣息,326,right,
じつに,じつに,実に,實在、非常,327,left,11
じんぶつ,じんぶつ,人物,人物、人品,327,left,13
たん,たん,短,短、不足、缺點,327,left,15
ひとめ,ひとめ,人目,世人的眼光、旁人看見、一眼章畫、眼看穿,327,right,09
みぶん,みぶん,身分,身份、社會地位、生活狀況、境遇,327,right,21
よびかける,よびかける,呼び掛ける,大招呼、呼喚、號召、呼徐、田人呼,328,left,23
ううまん,ウーマン,ウーマン,婦女女人,328,left,00
おとこのひと,おとこのひと,男の人,男人、男性,328,left,02
せいしょうねん,せいしょうねん,青少年,條消滅青少年的犯罪,328,left,05
せいべつ,せいべつ,性別,性別記入,328,right,06
だんし,だんし,男子,男子、男孩、男人、男子灌,328,right,08
としした,としした,年下,年幼、年紀小,328,right,05
ぼうや,ぼうや,坊や,對男孩的親切稱呼、未見過世麵的、青年、對別人男孩的敬般,328,right,04
ぼっちゃん,ぼっちゃん,坊ちゃん,公子令郎、少爺、不通事故的人、少分作風的人,329,left,12
めした,めした,目下,部下、下,329,left,13
おう,おう,王,王、國王,329,left,01
おうさま,おうさま,王様,國王、大王,329,left,02
おうじ,おうじ,王子,王子、王族的男子,329,left,03
おうじょ,おうじょ,王女,公主、王族的女子,329,left,04
おおや,おおや,大家,房東、正房、上房、主房,329,right,05
おてつだいさん,おてつだいさん,お手伝いさん,偶人,329,right,oe
おまえ,おまえ,お前,你,329,right,07
があるふれんど,ガールフレンド,ガールフレンド,女友,329,right,09
かたがた,かたがた,方々,代前大家、您們、這個那個、種種、各處、總之,330,left,01
かんじゃ,かんじゃ,患者,患者、病人,330,left,12
ぎいん,ぎいん,議員,議員、民意代表,330,left,13
ぎし,ぎし,技師,技師、工程師専業技術人員,330,left,14
ぎちょう,ぎちょう,議長,議長、主席,330,left,15
きゃぷてん,キャプテン,キャプテン,團體的首領、船長、隊長、主任,330,left,16
ぎゃんぐ,ギャング,ギャング,持榆強盜團體、盜伙,330,left,07
きょうじゅ,きょうじゅ,教授,教授、講授、教物,330,right,08
こおち,コーチ,コーチ,教練、技術指導、教練員,330,right,09
こうし,こうし,講師,講師、演講者,330,right,00
こくおう,こくおう,国王,國王、國君,330,right,01
こっく,コック,コック,廚師,330,right,02
さくしゃ,さくしゃ,作者,作者、創作者,330,right,03
しかい,しかい,司会,司儀、主持會議,331,left,25
じゃあなりすと,ジャーナリスト,ジャーナリスト,記者,331,left,26
しゅしょう,しゅしょう,首相,首相、内閣綿理大臣,331,left,27
しゅふ,しゅふ,主婦,主婦、女主人,331,left,28
じゅんきょうじゅ,じゅんきょうじゅ,准教授,教授,331,left,29
じょうきゃく,じょうきゃく,乗客,乗客旅客,331,left,30
しょうにん,しょうにん,商人,商人、做生意的人,331,right,31
じょおう,じょおう,女王,女王、王后皇女、王女,331,right,32
じょきょう,じょきょう,助教,助理教員、代理教員,331,right,33
じょしゅ,じょしゅ,助手,助手、幫手、助教,331,right,34
しろうと,しろうと,素人,外行、非專業人士,331,right,35
しんゆう,しんゆう,親友,各知心朋友,332,left,36
たいし,たいし,大使,大使、外交代表,332,left,37
ちょしゃ,ちょしゃ,著者,作者、著者,332,left,04
でし,でし,弟子,弟子、徒弟、門生、學徒,332,left,41
てんのう,てんのう,天皇,天皇、日本天皇,332,left,
はかせ,はかせ,博士,博士、博學之人入,332,right,
はんじ,はんじ,判事,審判員、法官,332,right,
ひっしゃ,ひっしゃ,律者,作者、筆者,332,right,
ぶし,ぶし,武士,武士、日本古代武人,332,right,
ふじん,ふじん,婦人,婦女、女子,332,right,
ぼおいふれんど,ボーイフレンド,ボーイフレンド,男朋友,333,left,49
ぼうさん,ぼうさん,坊さん,和尚,333,left,50
まいご,まいご,迷子,迷路的孩子、走失的孩子,333,left,51
めいじん,めいじん,名人,名人名家、大師、専家,333,left,53
やくしゃ,やくしゃ,役者,演員、善於做戲的人、手段高明的人,333,left,55
じゅうみん,じゅうみん,住民,居民,333,right,oz
じんるい,じんるい,人類,人類、人這個物種,333,right,03
のうみん,のうみん,農民,農民、務農的人,333,right,04
われわれ,われわれ,我々,我們、我,333,right,05
げひん,げひん,下品,卑痢、下流、低俗低級較,334,left,01
すたいる,スタイル,スタイル,文購、様式、風格、姿態、購態,334,left,03
すまあと,スマート,スマート,漠澤、時蛋、漂高、苗條知能型、智慧型,334,left,05
ちゅうにくちゅうぜい,ちゅうにくちゅうぜい,中肉中背,中等身材物,334,right,07
はんさむ,ハンサム,ハンサム,帥、英俊、美男子,334,right,08
びよう,びよう,美容,美容、美化容貌,334,right,
へいぼん,へいぼん,平凡,平凡顔美,334,right,01
ほっそり,ほっそり,ほっそり,纖細、苗條,334,right,02
ぽっちゃり,ぽっちゃり,ぽっちゃり,豐滿、胖,335,left,13
みかけ,みかけ,見掛け,今外貌、外觀、外表,335,left,14
みっともない,みっともない,見っとも無し,學難看的、不像樣的、不體麵的、成體統、醒,335,left,15
みにくい,みにくい,醒い,難看的、醜的、醜陋、醜惡,335,left,16
あつかましい,あつかましい,厚かましい,厚臉皮、無恥,335,right,02
あやしい,あやしい,人怪しい,奇怪的、可疑的、靠不住的、難以、置信、奇異、特別、笨拙、關係暖昧的,335,right,93
あわただしい,あわただしい,慌ただしい,匆匆忙忙的、慌慌張張的,335,right,04
いきいき,いきいき,生き生き,活潑、生氣勃勃、栩栩如生,335,right,05
いさましい,いさましい,勇ましい,勇敢的、振奮人心的、活潑的、有勇無謀,335,right,06
いちだんと,いちだんと,一段と,更加、越發,335,right,07
いばる,いばる,成張る,誇詞、得威風,335,right,08
かしこい,かしこい,賢い,聰明、伶俐,336,left,01
かって,かって,勝手,任意、任性、隨便,336,left,04
かわいがる,かわいがる,可愛がる,喜愛、疼愛、嚴加管教、教訓,336,right,
かわいらしい,かわいらしい,可愛らしい,可愛的、討人喜歡、小巧玲瓏,336,right,
かんげい,かんげい,歓迎,歡迎,336,right,
ぎょうぎ,ぎょうぎ,行儀,禮儀、禮節、舉止,336,right,
くどい,くどい,くどい,哆冗長迄味的、過於膩的、表現,337,left,21
けってん,けってん,欠点,缺點、欠缺、毛病、欠點改,337,left,22
けんそん,けんそん,謙怖,謙丈、謙虚,337,left,24
ごういん,ごういん,強引,強行強制強勢,337,left,26
じぶんかって,じぶんかって,自分勝手,任性、自私,337,left,27
じゅんじょう,じゅんじょう,純情,純情、純真感情,337,right,29
じゅんすい,じゅんすい,純粋,純粹的、道地、純真、純潔、無雜念的,337,right,29
ずうずうしい,ずうずうしい,図々しい,厚顏、厚皮臉、無恥,337,right,32
すなお,すなお,素直,坦率、聽話,338,left,
せきにんかん,せきにんかん,責任感,責任感、負責任的意識,338,left,
たいそう,たいそう,大層,非常、很,338,left,36
たのもしい,たのもしい,頼もしい,靠得住的、前途有為的、有出息的、國賴訪好埋志,338,left,03
たんしょ,たんしょ,短所,缺點、短處,338,right,
ちょうしょよ,ちょうしょよ,長所,長所生,338,right,
つよき,つよき,強気,強硬、看漲,338,right,
とくしょく,とくしょく,特色,特色、特徵、特點、特長,338,right,
なまける,なまける,怠ける,懶惰怠情,339,left,47
にごにご,にごにご,にごにご,笑嘻嘻、笑容満麵,339,left,48
にっこり,にっこり,にっこり,微笑貌、莞爾、嫣然一笑、微一笑,339,left,49
のんき,のんき,呑気,悠閑、無憂無慮、不拘小節、不慌不忙、蠻不在乎、漫不經心,339,left,50
ぱたあん,パターン,パターン,形式、様式、模型、紙様、園案、花欄,339,right,51
ふけつ,ふけつ,不潔,不潔、不乾淨,339,right,54
まごまご,まごまご,まごまご,慌張、不知所措,340,left,00
もともと,もともと,もともと,本來、原本,340,left,01
ゆうじゅうふだん,ゆうじゅうふだん,優柔不断,形生優柔寡斷,340,left,02
ゆうゆう,ゆうゆう,悠々,悠然、不位不忙、綽弱有餘,340,right,03
ようき,ようき,陽気,天氣、開朗,340,right,05
ようじん,ようじん,用心,注意、留神、警性小心,340,right,05
ようち,ようち,幼稚,年幼的、不成熟的、幼稚的,340,right,07
よくばり,よくばり,欲張り,貪婪、貪得無厭,340,right,05
らくてんてき,らくてんてき,楽天的,樂觀的,341,left,70
りこしゅぎ,りこしゅぎ,利己主義,利己主義、自私的想法,341,left,71
おたがいさま,おたがいさま,お互い様,彼此、互相,341,left,01
きょうりよく,きょうりよく,強力,力量大、強力、強大,341,right,03
こうさい,こうさい,交際,交際、交往、鹿本,341,right,04
じょうげ,じょうげ,上下,高低、上下、低賤,341,right,07
そうご,そうご,相互,相互彼比輸流、輸班、交替交互,342,left,00
そんちょう,そんちょう,尊重,時全尊重、重視,342,left,02
たにん,たにん,他人,別人、他人、陌生人、外人、局外人,342,left,14
たまたま,たまたま,偶々,偶然、碰巧、無意間、偶爾、有時,342,right,05
たより,たより,便り,音信、消息、人,342,right,06
たよる,たよる,頼る,依靠依頼、仰佐、拉著、投村、門路,342,right,07
つきあい,つきあい,付き合い,交際、交往、打交道、應、付合,342,right,08
どういつ,どういつ,同一,同一、相同,343,left,21
とけこむ,とけこむ,溶け込む,融化溶解燈化、融合,343,left,22
とも,とも,友,友人、朋友、良師益友,343,left,23
なかなおり,なかなおり,仲直り,和好、言歸於好,343,left,24
なかま,なかま,仲間,伙伴、同事、朋友、同類,343,left,25
なかよし,なかよし,仲良し,好朋友、友好、相好,343,left,26
ばったり,ばったり,ばったり,物體突然倒下貌、突然相手、突然終止貌,343,right,27
はなしかける,はなしかける,話しかける,跟人說話、攀談、開始談、開始說,343,right,29
はなはだしい,はなはだしい,甚だしい,非常、很、甚,343,right,30
ひっかかる,ひっかかる,引っ掛かる,掛起來、掛上、卡住、連累、率累、受騙、上當、心裡不痛快,343,right,31
へだてる,へだてる,隔てる,隔開、分開、相隔、拭檔、離間、不同、有差別,343,right,32
ぼろ,ぼろ,窒複,破布破爛衣服!破爛的狀態、破綻、抽點時,344,left,33
まさつ,まさつ,摩擦,摩擦不和睦、意見紛歧、不合,344,left,34
まちあわせる,まちあわせる,待ち合わせる,本等候、了、會麵、碰頭,344,left,35
ゆうじょう,ゆうじょう,友情,友情、朋友情誼,344,right,09
あくま,あくま,悪魔,悪魔魔鬼,344,right,
おがむ,おがむ,拝む,叩拜、合掌作扣、懇求、央求、瞻、見識,344,right,
おに,おに,鬼,鬼、人何想像中的怪物、的形狀、有角和狼牙。也指沒有,345,left,03
おばけ,おばけ,お化け,鬼、怪物,345,left,04
おまいり,おまいり,お参り,參拜神佛或祖墳,345,left,05
おみこし,おみこし,お神奥・お御,神輌、腰,345,left,06
しんこう,しんこう,信仰,信仰、信奉,345,right,09
しんわ,しんわ,神話,神話、傳說故事,345,right,10
ほとけ,ほとけ,仏,佛、佛傢、溫厚、仁慈的人、死者、亡魂,345,right,12
あまやかす,あまやかす,甘やかす,三嬌生慣養、縱容放任、嬌養、嬌寵,346,left,01
いっか,いっか,一家,今一所房子、一家人、一個團體、一派,346,left,02
か,か,箇,個、箇,346,left,03
ぎゃくたい,ぎゃくたい,虐待,虐待課,346,left,
ささえる,ささえる,支える,支授維持支持、阻止防止,346,right,
しまい,しまい,姉妹,姊妹,346,right,
しんせき,しんせき,親戚,親戚親属,346,right,
しんるい,しんるい,親類,親戚、親屬、同類、類似、請類,346,right,
ぜんぱん,ぜんぱん,全般,全麵、全盤、通盤,347,left,12
つれ,つれ,連れ,同伴,347,left,13
ははおや,ははおや,母親,母親、媽媽,347,left,15
おくさま,おくさま,奥様,尊夫人、太太,347,right,01
こんやく,こんやく,婚約,訂婚、婚約,347,right,oz
ともに,ともに,共に,信共同、一起、都、随著随同人、都、均,347,right,08
にょうぼう,にょうぼう,女房,太太、老婆,347,right,04
はなよめ,はなよめ,花嫁,新娘,347,right,05
ふさい,ふさい,夫妻,夫妻、丈夫和妻子,347,right,oe
よめ,よめ,嫁,兒媳婦、妻、新娘,348,left,08
せんぞ,せんぞ,先祖,始祖、祖先、先人,348,left,01
そせん,そせん,祖先,祖先、先人,348,left,02
ちちおや,ちちおや,父親,父親、爸爸,348,left,04
つとめ,つとめ,務め,本分義務責任,348,right,05
どくりつ,どくりつ,独立,孤立、軍獲存在、自立猫立、受他人援助,348,right,05
はか,はか,墓,墓地墳墓,348,right,
ふぼ,ふぼ,父母,父母、雙親,348,right,
まつる,まつる,祭る,祭祀、祭奠、供奉,348,right,
おさない,おさない,幼い,幼小的、年幼的爽子押、幼稚的,349,left,01
しそん,しそん,子孫,子孫、後代,349,left,02
すえっこ,すえっこ,示っ子,最小的孩子,349,left,03
すがた,すがた,姿,身姿身段、装束、風來、形昌、身影、麵貌、狀態、姿勢形象,349,left,04
てきする,てきする,適する,適宜、適、適當、適宜於、具有做某事,349,left,05
ふたご,ふたご,双子,雙胞胎、學生、雙,349,right,06
むけ,むけ,向け,向、對,349,right,07
うさぎ,うさぎ,兎,兔子呈,350,left,03
きんぎょ,きんぎょ,金魚,金魚、觀賞魚,350,right,
ぜつめつ,ぜつめつ,絶滅,滅絕、消滅、根除,350,right,
ぞう,ぞう,象,大象,350,right,
ぞくする,ぞくする,属する,屬於,351,left,11
つばさ,つばさ,翼,翅膀、翼,351,left,12
とら,とら,虎,老虎,351,left,13
なでる,なでる,撫でる,摸、撫摸、梳理、撫屆,351,left,15
にわとり,にわとり,鶏,雞,351,right,17
ねずみ,ねずみ,ねずみ,老鼠,351,right,18
かけまわる,かけまわる,駆け回る,到處亂跑、二人怒家和,351,right,01
きば,きば,牙,獠牙、牙,351,right,oz
しっぽ,しっぽ,尻尾,尾巴,351,right,08
はね,はね,羽,羽毛、翅膀,352,left,05
はねる,はねる,跳ねる,蹦想、飛濺、散開散場、爆、馬。區,352,right,
うめ,うめ,梅,梅花、梅樹梅子,353,left,02
すいか,すいか,西瓜,西瓜、夏天常見水果,353,left,05
みのる,みのる,実る,成熟、結果、取得成人、獲得成果、結果實,353,right,00
いね,いね,稲,注水稻、稻子,354,left,01
がいろじゅ,がいろじゅ,街路村,行道樹,354,left,03
こくもつ,こくもつ,粗物,五穀糧食,354,left,05
こむぎ,こむぎ,小麦,小次、加小麥粉在二柜名,354,left,
しなやか,しなやか,しなやか,柔軟、柔和,354,right,07
しばふ,しばふ,芝生,草皮、草地,354,right,03
すぎ,すぎ,杉,杉樹杉林,354,right,
たいぼく,たいぼく,大木,大樹巨樹,354,right,
たけ,たけ,竹,竹子,354,right,
なみき,なみき,並木,街樹、路樹並排的樹木,355,left,13
もみじ,もみじ,紅葉,紅葉、楓樹,355,left,15
うわる,うわる,植わる,種著、栽植著,355,left,01
えんげい,えんげい,園芸,園藝,355,left,02
おんしつ,おんしつ,温室,溫室、暖房,355,left,03
かる,かる,刈る,割、剪、詣,355,right,05
さくもつ,さくもつ,作物,農作物、太稼,355,right,om
しげる,しげる,茂る,繁茂、茂密,355,right,00
しぼむ,しぼむ,鞭む・洞む,枯萎、凋謝,355,right,10
ちらばる,ちらばる,散らばる,分散、散亂,356,left,01
におう,におう,匂う,散琶香味、有香味、鮮中、美麗、隱約發出、使人威到似乎,356,left,03
はちうえ,はちうえ,鉢植え,公栽,356,left,08
みつ,みつ,蜜,花蜜、蜂蜜,356,right,
ようぶん,ようぶん,養分,養分、營養成分,356,right,
わかば,わかば,若葉,表葉新葉,356,right,
えきたい,えきたい,液体,液體,357,left,01
かたまり,かたまり,塊,塊狀、疹座、集園、極端...的,357,left,02
かたまる,かたまる,固まる,變硬、凝歡、固定、成形、集在一起、成群、熱中,357,left,03
きたい,きたい,気体,氣體,357,left,04
きんぞく,きんぞく,金属,金属、五金,357,left,05
げすい,げすい,下水,污水、髒水、下水、下水道的簡稱,357,right,07
こうぶつ,こうぶつ,鉱物,礦物,357,right,om
こたい,こたい,固体,固體,357,right,08
こな,こな,粉,粉、粉末,357,right,10
こんごう,こんごう,混合,混合、混在一起,358,left,11
さぴ,さぴ,錆,鏽,358,left,12
さんそ,さんそ,酸素,氧氣,358,left,14
すいそ,すいそ,水素,氫氣,358,left,15
せいぶん,せいぶん,成分,成分、元素、成分、時半,358,left,16
たから,たから,宝,財寶、珍寶、寶貝、金錢,358,right,
ちしつ,ちしつ,地質,地質、土地岩層性質,358,right,
つち,つち,土,土地大地、土壌土質、地麵地表,358,right,
つぶ,つぶ,粒,穀粒、粒、丸、珠、數、粒、滴、丸,358,right,
てつ,てつ,鉄,鐵,358,right,
とうめい,とうめい,透明,透明、純潔、晶純,359,left,24
どく,どく,毒,毒、毒藥、毒害、有害、惡毒、毒辣,359,left,25
はなび,はなび,花火,花火打上,359,left,26
はへん,はへん,破片,碎片、破片,359,left,27
はめる,はめる,餅める,峙上、鑲上、使陷入、欺騙、入、使沈入,359,left,28
ぶっしつ,ぶっしつ,物質,物質、構成東西的實體,359,left,29
ほうせき,ほうせき,宝石,寶石,359,right,01
やくひん,やくひん,薬品,薬品、化學試剤,359,right,34
おいる,オイル,オイル,油、油類油唱、油書顔料、石油,360,left,02
すいじょうき,すいじょうき,水蒸気,水蒸氣、霧氣、水霧本,360,left,03
すいぶん,すいぶん,水分,物體中的含水量、液體、含水量、汁點,360,left,04
すいめん,すいめん,水面,水麵、上,360,left,05
せきたん,せきたん,石炭,煤炭,360,left,06
せきゆ,せきゆ,石油,石油齊,360,left,07
だんすい,だんすい,断水,斷水、停水開,360,left,08
ちょくりゅう,ちょくりゅう,直流,直流電、直流、沒有彎、的河流、嫡系,360,right,
でんりゅう,でんりゅう,電流,電流、電的流動,360,right,
でんりょく,でんりょく,電力,電力、電能,360,right,
とうゆ,とうゆ,灯油,燈油、爆油,360,right,
ばくはつ,ばくはつ,爆発,爆炸、爆發,360,right,
はつでん,はつでん,発電,發電,361,left,15
ようがん,ようがん,溶岩,深央,361,left,18
げんりょう,げんりょう,原料,原料、製作材料,361,left,01
こんくりいと,コンクリート,コンクリート,混凝土,361,left,02
ざいもく,ざいもく,材木,木材、木料,361,right,03
せめんと,セメント,セメント,水泥,361,right,05
どろ,どろ,泥,泥、泥巴,361,right,oe
びたみん,ビタミン,ビタミン,維他命、維生素、遼富,361,right,07
もくざい,もくざい,木材,木材、木料,361,right,oe
かがやく,かがやく,輝く,閃光、閃耀、洋溢、光榮、顯林,362,left,03
かんそく,かんそく,観測,觀測,362,left,00
きあつ,きあつ,気圧,氣壓、大氣壓,362,left,
こうきあつ,こうきあつ,高気圧,高氣壓,362,right,
こうせん,こうせん,光線,光線、光的線,362,right,
たいき,たいき,大気,大気、空気,362,right,
みかづき,みかづき,三日月,新月、月牙新月形,363,left,01
みちる,みちる,満ちる,充満月急、月園、満,363,left,12
あけがた,あけがた,明け方,黎明、拂曉,363,left,01
あらし,あらし,嵐,風暴、暴風雨,363,left,03
いっそう,いっそう,一層,側更、越發,363,right,05
おだやか,おだやか,穏やか,平穩、溫和,363,right,06
おとる,おとる,劣る,劣、不加、不及、比不上,363,right,07
おんだん,おんだん,温暖,溫暖,363,right,08
かいせい,かいせい,快晴,晴朗、晴朗無雲,363,right,09
かくべつ,かくべつ,格別,轉特別顯著、格外、姑且不論,363,right,10
きょうふう,きょうふう,強風,入強風回,364,left,04
ぐずつく,ぐずつく,愚図つく,吧陰天、動作遲緩拖延,364,left,05
くずれる,くずれる,崩れる,畫月站散去、當敗、抽碎、上天気月,364,left,
こごえる,こごえる,凍える,了手足放凍叉名,364,left,07
さむさ,さむさ,寒さ,寒冷,364,right,
さわやか,さわやか,爽やか,爽朗的、清爽的、聲、口齒鮮明的、清楚的、巧妙的,364,right,
しずまる,しずまる,静まる,變平靜平靜、平息、減弱、平靜,364,right,
てる,てる,照る,照耀、曬、晴天、點日該照名,365,left,24
にわか,にわか,にわか,形突然騒然、立刻、馬上、陣子、臨時、暫時,365,left,27
ばいう,ばいう,梅雨,梅雨、初夏雨季,365,left,28
ひざし,ひざし,日差し,陽光照射、光線,365,right,02
ひのいり,ひのいり,日の入り,日暮時分日落、黄皆、諸多,365,right,33
ひので,ひので,日の出,日出,365,right,34
ふわっと,ふわっと,ふわっと,輕軟蓬鬆貌、輕飄貌,366,left,37
まう,まう,舞う,飛舞,366,left,38
めっきり,めっきり,めっきり,急變化明顯、顯著的、突然、劇烈,366,left,39
ものすごい,ものすごい,物凄い,工人怖的、令人恐懼的、猛、四寒,366,left,
ゆうだち,ゆうだち,夕立,雷陣雨,366,left,
よほう,よほう,予報,預報旬,366,right,
らくらい,らくらい,落雷,打雷、雷擊,366,right,
かさい,かさい,火災,火災遭,366,right,
きよい,きよい,清い,清激的、清潔的、峠快的、問心無愧的、正派的、光明磊落、乾有,367,left,05
きり,きり,霧,霧、霧氣、噴霧,367,left,oe
くだける,くだける,砕ける,粉々砕,367,left,07
くもる,くもる,曇る,天気陰肛、騰,367,left,08
しも,しも,霜,霜、低溫結成的白色冰晶,367,right,12
じゅうりょく,じゅうりょく,重力,重力、吸引物體的力,367,right,13
じょうはつ,じょうはつ,蒸発,蒸發、失蹤,367,right,15
せっきん,せっきん,接近,接近、靠近,367,right,16
ぞうすい,ぞうすい,増水,氾濫、漲水,368,left,07
てんねん,てんねん,天然,天然自然,368,left,09
どしゃくずれ,どしゃくずれ,土砂崩れ,土石流人,368,left,20
とっぷう,とっぷう,突風,突然論起的暴風人,368,left,21
にごる,にごる,濁る,混濁、不清晰、嘶啞、賠明、污濁、起邪念,368,right,
にじ,にじ,虹,虹、彩虹,368,right,
ひとりでに,ひとりでに,独りでに,行地、自動地、自然而然也,368,right,
ふんか,ふんか,噴火,噴火、火山噴發,369,left,29
ほうそく,ほうそく,法則,規律、定律、規定、規則,369,left,30
まんいち,まんいち,万一,萬一,369,right,31
いずみ,いずみ,泉,泉、泉水、泉源、話是說,370,left,00
うんが,うんが,運河,運河、人工河道,370,left,03
おか,おか,丘,小山,370,left,
おぼれる,おぼれる,溺れる,取二湯水、尖死、沉溺於、迷弦於,370,left,05
おんせん,おんせん,温泉,溫泉方,370,right,05
かいよう,かいよう,海洋,海洋、大海,370,right,03
かこう,かこう,火口,噴火口、爐口,370,right,
きし,きし,岸,岸、岸邊、崖,371,left,01
きゅうせき,きゅうせき,旧跡,古蹟,371,left,12
けいど,けいど,経度,經度,371,left,13
けわしい,けわしい,険しい,侈陡峭、險峻、險惡、危險、表情等、嚴融、可怕、粗暴,371,left,14
こうち,こうち,耕地,耕地、可耕作土地,371,left,15
こす,こす,越す・超す,越過跨越、渡過、超越、勝於,371,left,16
さばく,さばく,砂漠,沙漠,371,right,07
さんりん,さんりん,山林,山上的樹林、山和樹林,371,right,03
じめん,じめん,地面,地麵、地表、土地、地皮、地自,371,right,20
しんりん,しんりん,森林,森林、大片樹林,371,right,21
すいへいせん,すいへいせん,水平線,水平線、地平線,371,right,22
せきどう,せきどう,赤道,亦首,371,right,23
たいりく,たいりく,大陸,大陸、大洲、中國、歐洲大陸二,372,left,25
たに,たに,谷,山谷、山潤、山洞,372,left,02
たにぞこ,たにぞこ,谷底,谷底、山谷底部,372,left,
たんすい,たんすい,淡水,淡水、不含鹽的水,372,right,
ちへいせん,ちへいせん,地平線,地平線、天地交界線,372,right,
ちめい,ちめい,地名,地名、地方名稱,372,right,
ちょうじょう,ちょうじょう,頂上,山頂、峰頂、極點、頂點,372,right,
ちょうてん,ちょうてん,頂点,頂點、頂峰、最高處、極點,372,right,
つりばし,つりばし,釣り橋・吊り橋,吊橋,373,left,36
とうげ,とうげ,峠,山路最高點山間,373,left,38
とうだい,とうだい,灯台,燈塔,373,left,39
とびこむ,とびこむ,飛び込む,跳准、飛入、突然閣入、主動投入、加入,373,left,40
ながめ,ながめ,眺め,眺堂、瞭堂、視野、景致、景色,373,left,41
なみ,なみ,波,波浪、波溥、波瀾、風波、聲波、電波、潮流、浪潮、起伏、波動,373,right,44
のはら,のはら,野原,原野,373,right,46
はんとう,はんとう,半島,半島、三面臨海的陸地,374,left,48
ふうけい,ふうけい,風景,風景、景致、情景、光景、狀況、美,374,left,04
へいや,へいや,平野,平原,374,left,05
ぼんち,ぼんち,盆地,盆地、四周較高的地形,374,left,52
みさき,みさき,岬,海角、岬,374,left,53
みなれる,みなれる,見慣れる,看慣、熟悉,374,right,01
りく,りく,陸,陸地、早地、陸軍的通稱,374,right,
りゅういき,りゅういき,流域,流域、河川流經區域,374,right,
れっとう,れっとう,列島,列島、群島,374,right,
したまち,したまち,下町,小工商業區、都、低窪地属,374,right,
しんくう,しんくう,真空,真空、空白、真空狀態,375,left,03
てんてん,てんてん,転々,轉來轉去、輾轉、不斷移動、滾轉貌、嘰哩咕嚕,375,left,04
とうざい,とうざい,東西,東和西、東方和西方、方向、事理、道理,375,left,05
とち,とち,土地,土地、耕地、土壌土質、某地属、當地、地麵、地區,375,left,07
ばっく,バック,バック,後面、倒車,375,right,o
ひろば,ひろば,広場,廣場、場所,375,right,01
ほうぼう,ほうぼう,方々,各處、到處,375,right,03
ほうめん,ほうめん,方面,方面、方向,375,right,14
まちかど,まちかど,街角,街角、街口、拐朋,376,left,15
むこうがわ,むこうがわ,向こう側,對麵、對方,376,left,07
めいしょ,めいしょ,名所,名勝、名所,376,left,18
よそ,よそ,他所,別處、他處、遠方、別的他的、不願、謂,376,left,09
いたる,いたる,至る,到、來臨、達到、周到,376,right,
おうべい,おうべい,欧米,歐美,376,right,
おくがい,おくがい,屋外,外運動靴必要,376,right,
おんたい,おんたい,温帯,溫帶,377,left,07
かいがい,かいがい,海外,海外、國外,377,left,09
かくじゅう,かくじゅう,拡充,擴充,377,left,10
かくだい,かくだい,拡大,擴大、放大,377,left,11
かくちょう,かくちょう,拡張,擴大、擴張,377,left,13
かんとう,かんとう,関東,關東地區,377,right,17
くうちゅう,くうちゅう,空中,空中、天空,378,left,20
こっきょう,こっきょう,国境,國境、混境、湯界,378,left,22
しきち,しきち,敷地,建築用地、地皮,378,left,25
しゅうい,しゅうい,周囲,周圍、四周、周園的人、環境,378,right,
しゅうへん,しゅうへん,周辺,周邊,378,right,
しゅと,しゅと,首都,首都、國家中央城市,378,right,
しゅとけん,しゅとけん,首都圏,首都圈,378,right,
ちいき,ちいき,地域,地區同,379,left,32
ちょうめ,ちょうめ,丁目,段、巷、條,379,left,34
とかい,とかい,都会,都會、城市都市,379,left,36
とくてい,とくてい,特定,特定、指定,379,left,37
としん,としん,都心,市中心,379,left,38
なんきよく,なんきよく,南極,南極、南極、磁針指南的一端,379,right,39
なんべい,なんべい,南米,南美洲,379,right,40
なんぼく,なんぼく,南北,南興北南北,379,right,41
ねったい,ねったい,熱帯,熱帶,379,right,43
ばんち,ばんち,番地,門牌號、住址,379,right,44
ひとごみ,ひとごみ,人込み・人混み,人群、擁擠人潮,380,left,45
ぶんぷ,ぶんぷ,分布,分布、散布狀態,380,left,48
ほっきょく,ほっきょく,北極,北、加、北極是謀見名、本,380,left,
みやこ,みやこ,都,城間都、大都市、繁華的都市加,380,left,
よおろっぱ,ヨーロッパ,ヨーロッパ,歐洲理、行。地,380,right,
ぎゃく,ぎゃく,逆,反、相反、倒、叛逆,381,left,oe
さかさ,さかさ,逆さ,逆、倒顛倒、相反,381,left,08
さかさま,さかさま,逆様,逆、倒、顛倒、相反,381,left,09
さかのぼる,さかのぼる,遡る,源、犯流麵上、銘湖、回湖,381,left,10
さゆう,さゆう,左右,左右、左邊和右邊,381,right,01
すいへい,すいへい,水平,水平、橫向平坦,381,right,42
ぜんご,ぜんご,前後,前和後前、後、相繼、先後、前因後果,381,right,03
せんたん,せんたん,先端,頂端、尖端、時代的尖端、時置、流行、前衛,381,right,14
それる,それる,逸れる,三二偏離正軌、歪向一旁、不合調、!胃、回話,382,left,07
たいら,たいら,平ら,平平坦平原平地、廊、隨意坐、盤腿作、平靜、坦然,382,left,18
ちてん,ちてん,地点,地量,382,left,09
ちゅうかん,ちゅうかん,中間,兩者之間、中途、順、加中間左取名、課,382,left,21
どける,どける,退ける,移開,382,right,
はす,はす,終,斜的、和歪斜,382,right,
ひだりがわ,ひだりがわ,左側,左邊、左側,383,left,30
ひっくりかえる,ひっくりかえる,引っくり返,翻倒、顛倒、翻過來、逆轉、倒過來加,383,left,31
ふち,ふち,縁,邊緣、框、榴、旁側,383,left,32
ふりむく,ふりむく,振り向く,回頭看,383,left,33
へいこう,へいこう,平行,平行、並行,383,left,34
まがりかど,まがりかど,曲がり角,街角、轉折點、千本,383,right,37
みぎがわ,みぎがわ,右側,右側、右方,383,right,09
めじるし,めじるし,目印,目標、標記、記號、加自生記名,384,left,42
もどす,もどす,戻す,退還、歸還、送回、退回、使倒退、市場價格急境回升,384,left,04
やじるし,やじるし,矢印,箭頭、箭形符號,384,right,04
りようたん,りようたん,両端,兩端,384,right,05
かいいん,かいいん,会員,瀬上員,385,left,01
かいかん,かいかん,会館,會館、公共館舍,385,left,02
かかり,かかり,係・係り,負責人、職務,385,left,03
かしだし,かしだし,貸し出し,出借出租、貸、借出,385,left,04
かんちょう,かんちょう,官庁,政府機開、二上,385,left,05
けんちく,けんちく,建築,建築、建造,385,right,09
こうそう,こうそう,高層,高空高所層、高層,385,right,40
こや,こや,小屋,今簡隔的小房茅舍、斉、棚子、齊全,386,left,12
せつび,せつび,設備,設備、裝設、裝設,386,left,03
せんたあ,センター,センター,中心機構、中心攻、中場,386,left,14
でいりぐち,でいりぐち,出入り口,還站在出入口。社,386,left,
ふんすい,ふんすい,噴水,水、噴泉内,386,right,
やくしょ,やくしょ,役所,署、政府機關,386,right,
おとしもの,おとしもの,落とし物,遺失物,386,right,
くらぶ,クラブ,クラブ,俱樂部、夜店、課外活動、活動,386,right,
こうしゃ,こうしゃ,校舎,校舍,387,left,04
さかば,さかば,酒場,酒館、酒家、酒,387,left,05
じいん,じいん,寺院,寺院、佛寺,387,left,oe
してん,してん,支店,分店、分公司,387,left,07
しゅくはく,しゅくはく,宿泊,投宿住宿,387,left,08
しょてん,しょてん,書店,遙書店、出版社書局,387,left,09
すいしゃ,すいしゃ,水車,水車、以水力轉動的輪,387,right,11
てんぼうだい,てんぼうだい,展望台,瞭堂臺,387,right,04
びよういん,びよういん,美容院,美容院、著了、國美容院行,388,left,17
びるでぃんぐ,ビルディング,ビルディング,大樓、建築物,388,left,08
ぼおい,ボーイ,ボーイ,少年、男孩、男服務員,388,left,09
ほり,ほり,堀,潮染、幸溝,388,left,20
まちあいしつ,まちあいしつ,待合室,候車室、候診室、等修室,388,left,21
まどぐち,まどぐち,窓口,窗口、與外、管道、窗品,388,left,02
ゆうえんち,ゆうえんち,遊園地,遊樂坦龍,388,right,
ようちえん,ようちえん,幼稚園,幼稚轅,388,right,
ろびい,ロビー,ロビー,大廳,388,right,
いりょう,いりょう,医療,醫療,388,right,
きゅうしん,きゅうしん,休診,停診,389,left,03
げか,げか,外科,外科、開刀治療科別,389,left,04
しんさつ,しんさつ,診察,診察診斷,389,left,05
せいけい,せいけい,整形,遙整形,389,left,07
ないか,ないか,内科,內科,389,left,08
ふりい,フリー,フリー,自由、免費,389,right,oo
みまい,みまい,見舞い,探望、慰問、昔受、挨、遭受、圖見舞,389,right,40
みまう,みまう,見舞う,探望、慰問,389,right,
いちば,いちば,市場,市場、商場,389,right,01
いてん,いてん,移転,搬遷、遷移,389,right,02
かんばん,かんばん,看板,招牌、牌子、幌子、關門、停止營業時間,390,left,00
きっさ,きっさ,喫茶,喝茶、喫茶、飲茶,390,left,05
きょうどう,きょうどう,共同,共同、一起做,390,left,06
ぎょうれつ,ぎょうれつ,行列,入貶行列、隊伍、列隊、矩陣,390,left,07
くりいにんぐ,クリーニング,クリーニング,洗滌,390,left,98
さあびす,サービス,サービス,生後服務服務、接待、侍候、關、廉價出售、附帶贈品出售位,390,right,
しゃったあ,シャッター,シャッター,鐵捲門、照相機快門,390,right,
しょうてん,しょうてん,商店,商店、店鋪,390,right,
じょうとう,じょうとう,上等,上等、優質,391,left,15
そばや,そばや,蕎麦屋,蕎麥麵店,391,left,18
ていきゅうび,ていきゅうび,定休日,定期公休日,391,left,20
でむかえる,でむかえる,出迎える,迎接,391,right,21
とうじょう,とうじょう,登場,出場登臺、上場演出、登場出現,391,right,23
ひきとめる,ひきとめる,引き止める,留、挽留、制止、拉信,391,right,24
ひょうばん,ひょうばん,評判,評信、評論!名聲名有、受到注目,391,right,26
へいてん,へいてん,閉店,關門、倒閉,392,left,27
みせや,みせや,店屋,店舗、商店,392,left,28
やっきょく,やっきょく,薬局,藥局、藥鋪、藥店,392,right,
ようひんてん,ようひんてん,洋品店,舶來品店、精品店、西裝店,392,right,
うんばん,うんばん,運搬,搬運、運輸,393,left,03
かそく,かそく,加速,加速、速度變快,393,left,05
かもつ,かもつ,貨物,貨物、貨車,393,right,07
げしゃ,げしゃ,下車,下車、從車上下來,393,right,om
こうつうきかん,こうつうきかん,交通機関,交通機關、交通設施,393,right,op
ざせき,ざせき,座席,座位、座席、乘坐、席位,393,right,11
じそく,じそく,時速,時速、每小時速度,394,left,13
しゃりん,しゃりん,車輪,排命、勢力表現、排、命於、盡力於,394,left,14
そくりょく,そくりょく,速力,急速率、速度,394,left,16
でむかえ,でむかえ,出迎え,還接、迎接的人、回出迎元-上旋名,394,left,07
とんねる,トンネル,トンネル,隧道,394,left,
はっしゃ,はっしゃ,発車,發車、開車,394,right,
はんどる,ハンドル,ハンドル,把手、方向盤,394,right,
ひょうしき,ひょうしき,標識,標誌、標記、記號、信號,394,right,
めんきよょしょう,めんきよょしょう,免許証,批准、許可證、執照,395,left,25
ゆそう,ゆそう,輸送,輸送、傳送,395,left,27
よっと,ヨット,ヨット,遊艇、快艇,395,left,28
おうふく,おうふく,往復,往返、來往、通行量,395,left,01
かいさつ,かいさつ,改札,的驗飄,395,left,02
きかんしゃ,きかんしゃ,機関車,機車火車,395,right,03
こうくう,こうくう,航空,航空、航空公司的簡稱,395,right,04
さいしゅう,さいしゅう,最終,最後、最終、最末、示下車,395,right,oe
してつ,してつ,私鉄,私營鐵路,395,right,07
しゅうてん,しゅうてん,終点,終証,395,right,08
じょうしゃ,じょうしゃ,乗車,乘車、上車,395,right,09
じょうしゃけん,じょうしゃけん,乗車券,車村,396,left,10
しんだい,しんだい,寝台,床鋪、臥鋪,396,left,11
せんろ,せんろ,線路,線路、火車、軌道,396,left,14
だっせん,だっせん,脱線,脫軌、偏離常軌,396,right,06
ていしゃ,ていしゃ,停車,停車、車輛停止,396,right,07
てつどう,てつどう,鉄道,鐵道、鐵路,396,right,08
とおりかかる,とおりかかる,通りかかる,碰巧路過,396,right,
ひこう,ひこう,飛行,飛行、航空,396,right,
へりこぷたあ,ヘリコプター,ヘリコプター,直升機,397,left,24
ぼおと,ボート,ボート,小船、小艇,397,left,25
まんいん,まんいん,満員,滿員,397,left,26
やこう,やこう,夜行,夜行、夜間列車、夜間活動,397,left,27
ゆうらんせん,ゆうらんせん,遊覧船,遊覽船,397,left,28
おうだん,おうだん,横断,橫越、橫斷,397,right,oz
おうとつ,おうとつ,凹凸,凹凸、高低不平,397,right,03
おおどおり,おおどおり,大通り,大街、大馬路,397,right,09
かあ,カー,カー,車、汽車,397,right,05
かあぷ,カープ,カープ,彎道、曲線,398,left,06
かいつう,かいつう,開通,開通、開始通行,398,left,07
こうさ,こうさ,交差,交叉,398,left,08
こうそく,こうそく,高速,高速、速度很快,398,left,09
しゃこ,しゃこ,車庫,車庫、停車庫,398,left,01
しゃどう,しゃどう,車道,車道、車輛通行道路,398,left,12
じょうようしゃ,じょうようしゃ,乗用車,自小客車,398,right,03
せいび,せいび,整備,整備、保養,398,right,04
つうこう,つうこう,通行,通行、往來,398,right,05
つうろ,つうろ,通路,通路、通道,398,right,
とびだす,とびだす,飛び出す,飛出、跑出,399,left,18
ぱんく,パンク,パンク,爆胎、破裂,399,left,19
ひきかえす,ひきかえす,引き返す,返回、折回,399,left,20
ひとどおり,ひとどおり,人通り,人來人往、通行、來往行人,399,left,22
へこむ,へこむ,凹む,凹陷、屈服、虧空,399,left,23
ほそう,ほそう,舗装,鋪路,399,left,24
ほどう,ほどう,歩道,人行道,399,right,25
まわりみち,まわりみち,回り道,繞道、繞遠路,399,right,26
みちじゅん,みちじゅん,道順,會順路、路線、步驟、程序,399,right,27
ゆるい,ゆるい,緩い,鬆、不緊、徐緩不陡、不急、不嚴格、稀薄,399,right,28
よこぎる,よこぎる,横切る,橫越,399,right,29
