reading,writing,declaredNormalizedReading,zh,script,source_page,source_column,source_entry_no,source_writing
ざつおん,雑音,ざつおん,雜音、噪音,kanji,400,left,,雑音
じゅわき,受話器,じゅわき,聽筒,kanji,400,right,,受話器
ちょくつう,直通,ちょくつう,直達、中途不停、直通,kanji,400,right,,直通
つうしん,通信,つうしん,自才、通信、通音信、通訊、聯絡,kanji,400,right,,通信
つつみ,包み,つつみ,包袱、包裏,kanji,400,right,,包み
でんちゅう,電柱,でんちゅう,電線桿,kanji,401,left,11,電柱
でんば,電波,でんば,電波,kanji,401,left,12,電波
といあわせ,問い合わせ,といあわせ,詢問、打聽、查詢,kanji,401,left,13,問い合わせ
ないせん,内線,ないせん,内線、電話、内線分機,kanji,401,left,15,内線
ねんがじょう,年賀状,ねんがじょう,賀年卡,kanji,401,left,16,年賀状
はなしちゅう,話し中,はなしちゅう,通話中,kanji,401,left,17,話し中
おしらせ,お知らせ,おしらせ,全通知、訊息,kanji,401,right,02,お知らせ
ごらん,ご覧,ごらん,觀覽、親切的、請看、接,kanji,401,right,04,ご覧
ばしゅう,募集,ばしゅう,募集、任募,kanji,402,left,07,募集
ポスター,ポスター,ぽすたあ,海報、講,katakana,402,left,08,poster
かいせっ,解説,かいせっ,中新、解説群抜,kanji,402,left,,解説
こうひょう,公表,こうひょう,公表,kanji,402,right,,公表
さつえい,撮影,さつえい,包分、攝影、拍照、拍電影,kanji,402,right,,撮影
スピーチ,スピーチ,すぴいち,正式場合的、簡短演説、致詞,katakana,402,right,,speech
そうぞうしい,騒々しい,そうぞうしい,鬧的、喧器的、宣嚷的、社會上,kanji,402,right,,騒々しい
ろんそう,論争,ろんそう,爭論、爭辯、論戰,kanji,403,right,11,論争
およぎ,泳ぎ,およぎ,游泳,kanji,404,left,02,泳ぎ
からて,空手,からて,空手首,kanji,404,left,03,空手
かんとく,監督,かんとく,名-他,kanji,404,left,04,監督
こうせき,功績,こうせき,功績,kanji,404,right,05,功績
スケート,スケート,すけえと,冰鞋、冰刀、溜冰、滑冰,katakana,404,right,,skate
すもう,相撲,すもう,相撲,kanji,404,right,,相撲
てきど,適度,てきど,適度、適當的程度,kanji,404,right,,適度
もぐる,潜る,もぐる,潛入、水中、鑽進、藏入'躲入,kanji,405,left,12,潜る
ランニング,ランニング,らんにんぐ,人賽跑、跑步,katakana,405,left,13,running
アウト,アウト,あうと,外湯、出界、出局,katakana,405,left,01,out
おどりでる,躍り出る,おどりでる,躍出、突然出現,kanji,405,left,04,躍り出る
かいし,開始,かいし,自他、開始,kanji,405,right,05,開始
きょうぎ,競技,きょうぎ,競賽、體育比賽,kanji,405,right,08,競技
けいば,競馬,けいば,賽馬,kanji,405,right,10,競馬
さいちゅう,最中,さいちゅう,動作進行中、最頂點、活動中,kanji,406,left,13,最中
じゃくてん,弱点,じゃくてん,弱点,kanji,406,left,14,弱点
しゅうりょう,終了,しゅうりょう,人名目他、終了、結束、作完、期滿,kanji,406,left,05,終了
しょうはい,騰敗,しょうはい,勝負、勝敗、人,kanji,406,left,07,騰敗
スタンド,スタンド,すたんど,尾名、站立、台、托、架、檯燈、桌燈,katakana,406,right,09,stand
ぜんりょく,全力,ぜんりょく,全力,kanji,406,right,01,全力
たいかい,大会,たいかい,大會、全體會議,kanji,406,right,02,大会
チャンス,チャンス,ちゃんす,機會'、時機、良機,katakana,406,right,05,chance
にゅゆうじょう,入場,にゅゆうじょう,自和、入場,kanji,407,left,24,入場
にゅうじょうけん,入場券,にゅうじょうけん,門票、入場券,kanji,407,left,25,入場券
ねらう,狙う,ねらう,他五、看準、把,kanji,407,left,26,狙う
ひきわけ,引き分け,ひきわけ,比賽、平局、不分勝負,kanji,407,left,27,引き分け
へいかい,閉会,へいかい,閉幕、會議結束,kanji,407,left,28,閉会
めざす,目指す,めざす,指向、以,kanji,407,left,29,目指す
メンバー,メンバー,めんばあ,成員、一份子、體育、隊員,katakana,407,left,30,member
ゆうしょう,優勝,ゆうしょう,優勝,kanji,407,right,31,優勝
かいさん,解散,かいさん,自介、散開、解散、集合等、散人,kanji,407,right,01,解散
グラウンド,グラウンド,ぐらうんど,馬電動場、球場、廣場、操場,katakana,407,right,02,ground
ゴール,ゴール,ごおる,決勝同、終固、球門、多信,katakana,407,right,03,goal
ころがす,転がす,ころがす,滾動、轉動、開動、車、推進、韓責,kanji,408,left,04,転がす
サイン,サイン,さいん,簽名、署名、簽字、記號、暗號,katakana,408,left,05,sign
にげきる,逃げ切る,にげきる,成功地、逃跑,kanji,408,left,09,逃げ切る
のうぅ,能,のうぅ,名葉、能力、能、本領、功数、日,kanji,408,left,09,能
マラソン,マラソン,まらそん,馬拉松長跑,katakana,408,right,,marathon
かいすいよく,海水浴,かいすいよく,海水浴場,kanji,409,left,01,海水浴
かんしょう,鑑賞,かんしょう,鑑賞、欣賞,kanji,409,left,02,鑑賞
キャンプ,キャンプ,きゃんぷ,露管、野管、兵管、軍和営,katakana,409,left,03,camp
ごらく,娯楽,ごらく,娛樂、文娛,kanji,409,left,04,娯楽
とざん,登山,とざん,客-自分、登山、到山上寺廟修行,kanji,409,right,0e,登山
ぼうけん,冒険,ぼうけん,冒險,kanji,409,right,07,冒険
めぐる,巡る,めぐる,"全說人扔""交還、開生擴",kanji,409,right,0m,巡る
レクリエーション,レクリエーション,れくりええしょん,身心、休養、娛樂、消中,katakana,409,right,09,redeation
レジャー,レジャー,れじゃあ,空間、閒暇、休閒時間、休閒時間,katakana,409,right,10,leisure
うらなう,占う,うらなう,較身上占,kanji,410,left,04,占う
くみたてる,組み立てる,くみたてる,国模型組立,kanji,410,left,,組み立てる
じゃんけん,じゃん湖,じゃんけん,靖拳、列拳,kanji,410,right,,じゃん湖
しょうぎ,将棋,しょうぎ,日本象棋、將棋、好,kanji,410,right,,将棋
てじな,手品,てじな,戲法、魔術、騙術、奸計,kanji,410,right,,手品
どうわ,童話,どうわ,童話,kanji,410,right,,童話
なでぞなぞ,謎々,なでぞなぞ,謎語,kanji,410,right,,謎々
えがく,描く,えがく,描繪、以,kanji,411,left,01,描く
えのぐ,絵の具,えのぐ,顏料,kanji,411,left,02,絵の具
かいが,絵画,かいが,全繪畫、畫,kanji,411,left,03,絵画
きざむ,刻む,きざむ,切碎、雕刻、分成段、銘記、牢說,kanji,411,left,04,刻む
げいのう,芸能,げいのう,戲劇、電影、音樂、舞蹈等的總稱,kanji,411,left,05,芸能
しゃせい,写生,しゃせい,名-他分、寫生、速寫、短篇作品、散記,kanji,411,right,07,写生
しゅうじ,習字,しゅうじ,國習字在習,kanji,411,right,08,習字
しょどう,書道,しょどう,書法,kanji,411,right,0y,書道
せいさく,制作,せいさく,創作、藝術品等、製作、作品,kanji,411,right,10,制作
そうさく,創作,そうさく,文持作品、創作、提汗、議育,kanji,411,right,11,創作
そしつ,素質,そしつ,表質、本質、天分、天資,kanji,412,left,12,素質
ちかよる,近寄る,ちかよる,走進、靠近、接近,kanji,412,left,13,近寄る
ちょうこく,彫刻,ちょうこく,字少、雕刻,kanji,412,left,14,彫刻
はいく,俳句,はいく,俳名,kanji,412,left,15,俳句
ぶんげい,文芸,ぶんげい,文藝、學術和藝術、詩、小說、戲,kanji,412,left,16,文芸
オーケストラ,オーケストラ,おおけすとら,管絃樂、團、挙池、挙隊席、還,katakana,412,right,01,orchestra
オルガン,オルガン,おるがん,風琴,katakana,412,right,02,organ
がっしょう,合唱,がっしょう,合唱、一齊唱同聲高呼,kanji,412,right,06,合唱
からから,からから,からから,乾的、硬的東西相碰的聲音,hiragana,413,left,08,からから
がらがら,がらがら,がらがら,形動、手挫鈴玩具、硬物,hiragana,413,left,09,がらがら
コーラス,コーラス,こおらす,合唱、合唱園、合唱曲,katakana,413,left,11,chorus
こてん,古典,こてん,古書、古籍、古典作品,kanji,413,left,12,古典
コンクール,コンクール,こんくうる,競賽會、競演會、會演,katakana,413,left,13,concours
さっきょく,作曲,さっきょく,作曲、譜曲、配曲,kanji,413,right,14,作曲
たいこ,太鼓,たいこ,太鼓,kanji,413,right,15,太鼓
テンボ,テンボ,てんぼ,樂曲的、速度、拍子、局勢、對話,katakana,413,right,16,tempo
どうよう,童謡,どうよう,童謡,kanji,413,right,17,童謡
ひびき,響き,ひびき,聲響、餘音、回音、迥響、震動,kanji,413,right,18,響き
ひびく,響く,ひびく,自五、響、發出聲音、發出回音、震響,kanji,413,right,19,響く
みんよう,民謡,みんよう,人民謠,kanji,414,left,,民謡
リズム,リズム,りずむ,節奏、旋律、格調、格律,katakana,414,left,04,rhythm
あらすじ,粗筋,あらすじ,概略、梗概、概要,kanji,414,left,02,粗筋
かいかい,開会,かいかい,開會,kanji,414,left,,開会
きゃくせき,客席,きゃくせき,觀賞席、宴席、來賓席,kanji,414,right,,客席
けいこ,稽古,けいこ,自他、學問、武鞭等的練習、學習,kanji,414,right,03,稽古
げき,劇,げき,季尾、劇、戯劇、引人注意的事件,kanji,414,right,,劇
けっさく,傑作,けっさく,傑作,kanji,414,right,,傑作
しゅやく,主役,しゅやく,戯劇、主角、事件或工作的、中履,kanji,415,left,12,主役
ステージ,ステージ,すてえじ,舞台、講台、階段、等級、步驟,katakana,415,left,13,stage
びみょう,微妙,びみょう,微妙的,kanji,415,left,17,微妙
プログラム,プログラム,ぷろぐらむ,節目、單、説明書、計書、表,katakana,415,left,18,program
めいさく,名作,めいさく,名作,kanji,415,right,21,名作
ものがたり,物語,ものがたり,安時代後散文式的文學作品、物語,kanji,415,right,22,物語
きゅうげき,急激,きゅうげき,久巡、才,kanji,416,left,,急激
ぐうすう,偶数,ぐうすう,偶數、雙數,kanji,416,right,,偶数
きわめる,極める,きわめる,鑽研到底、達到極限,kanji,416,right,03,極める
しょうしか,少子化,しょうしか,少子化,kanji,416,right,,少子化
たいはん,大半,たいはん,大半、多半、大部分,kanji,417,left,12,大半
たっする,達する,たっする,到達、精通、通過、完成,kanji,417,left,14,達する
たんすう,単数,たんすう,單數、語、單數,kanji,417,left,15,単数
ちょうか,超過,ちょうか,超過,kanji,417,left,16,超過
なかば,半ば,なかば,名到、一半、半數、中間、中央、半途,kanji,417,right,48,半ば
なんびゃく,何百,なんびゃく,何百,kanji,417,right,20,何百
ひとしい,等しい,ひとしい,性質、ヽ数量、汰態條件等、相等的,kanji,417,right,22,等しい
ひとすじ,一筋,ひとすじ,一筋,kanji,417,right,23,一筋
ひととおり,一通り,ひととおり,太概、大略、下接否定、普通、一般,kanji,418,left,04,一通り
ふくすう,複数,ふくすう,複数、生,kanji,418,left,27,複数
ほぼ,略・粗,ほぼ,大約、大致、大概、李,kanji,418,left,28,略・粗
まいすう,枚数,まいすう,版等薄物、張数、件数,kanji,418,left,02,枚数
まれ,稀,まれ,稀少、稀奇、希室,kanji,418,left,00,稀
メーター,メーター,めえたあ,公尺、儀表、測量器、數,katakana,418,right,,meter
めやす,目安,めやす,大致的、目標、大致的推測、基準,kanji,418,right,,目安
よび,予備,よび,預備、準備,kanji,418,right,,予備
かげん,加減,かげん,加法與減法、調整、斟酌、程度,kanji,419,left,03,加減
げきぞう,激増,げきぞう,激増、劇増,kanji,419,left,06,激増
ぞうげん,増減,ぞうげん,自他、増減、増加,kanji,419,right,09,増減
とうけい,統計,とうけい,統計,kanji,419,right,40,統計
ぴたり,ぴたり,ぴたり,突然停止、緊貼地、緊緊地、正好,hiragana,419,right,01,ぴたり
ほうていしき,方程式,ほうていしき,數學、方程式,kanji,419,right,12,方程式
まし,まし,まし,名馬、增、增加、勝過、強,hiragana,419,right,13,まし
りつ,率,りつ,率比率、成敷、有力或報酬等的,kanji,420,left,14,率
いってい,一定,いってい,自他、一定、規定、固定,kanji,420,right,06,一定
うんと,うんと,うんと,大大地、用力、使勁地,hiragana,420,right,07,うんと
おお,大,おお,形狀數量、大、多、程度、非常,kanji,420,right,08,大
おおいに,大いに,おおいに,大大地、非常地,kanji,420,right,,大いに
おもに,主に,おもに,主要、重要、韓、大部分、多半,kanji,421,left,10,主に
かはんすう,過半数,かはんすう,過半數、半數以上,kanji,421,left,11,過半数
きょだい,巨大,きょだい,巨大、雄偉,kanji,421,left,12,巨大
げんど,限度,げんど,限度、界限,kanji,421,left,13,限度
たしょう,多少,たしょう,多少,kanji,421,left,15,多少
たりょう,多量,たりょう,名'形動、大量、和,kanji,421,right,17,多量
たる,足る,たる,足夠、充足、值得、滿足,kanji,421,right,48,足る
ていいん,定員,ていいん,機開、團體的、編制的名額、車輛的,kanji,421,right,21,定員
どっと,どっと,どっと,許多人、一齊、突然發聲、哄堂、人,hiragana,421,right,22,どっと
ばくだい,英大,ばくだい,人其大損失被,kanji,422,left,,英大
ぶんりょう,分量,ぶんりょう,分量,kanji,422,left,25,分量
ほうだい,膨大,ほうだい,鷹大的、膝腫的、膨用,kanji,422,left,02,膨大
ほうふ,豊富,ほうふ,豐富,kanji,422,left,27,豊富
みまん,未満,みまん,未満、不足,kanji,422,left,,未満
ゆいいつ,唯一,ゆいいつ,唯一,kanji,422,left,09,唯一
よぶん,余分,よぶん,剩餘、多餘的、超量的、額外的,kanji,422,right,,余分
おもたい,重たい,おもたい,份量、重的、沉的、心情沉重,kanji,422,right,,重たい
じゅうりょう,重量,じゅうりょう,重量,kanji,423,left,05,重量
すいちょく,垂直,すいちょく,形動、數、垂直、與地心、垂直,kanji,423,left,07,垂直
すんぼう,寸法,すんぼう,長短、尺寸、預定的、計書、順序,kanji,423,left,08,寸法
そくりょう,測量,そくりょう,測量、測繪,kanji,423,left,09,測量
だいしょう,大小,だいしょう,尺寸、大小、大和小,kanji,423,right,01,大小
たいせき,体積,たいせき,體積、容積,kanji,423,right,12,体積
ちょっけい,直径,ちょっけい,頁符,kanji,424,left,16,直径
とうぶん,等分,とうぶん,等分、均分、相等的份量,kanji,424,left,17,等分
はんけい,半径,はんけい,會半徑,kanji,424,left,08,半径
ようせき,容策,ようせき,會容積、容量、體生,kanji,424,left,20,容策
リットル,リットル,りっとる,公弁,katakana,424,left,21,liter
こんかい,今回,こんかい,這回、這次、此番,kanji,424,right,,今回
じゅんじゅん,順々,じゅんじゅん,逐漸,kanji,425,left,10,順々
じゅんじょ,順序,じゅんじょ,順序違,kanji,425,left,11,順序
ぞくぞく,続々,ぞくぞく,続々,kanji,425,left,13,続々
ばんめ,番目,ばんめ,助數詞用法、計算事物順序的加,kanji,425,right,19,番目
ひっくりかえす,引っくり返す,ひっくりかえす,推倒、弄倒、碰倒、顛倒過來,kanji,425,right,00,引っくり返す
まいど,毎度,まいど,曾經‧常常'屢次、每次,kanji,426,left,,毎度
やたらに,やたらに,やたらに,胡亂的、隨便的、任意的、馬,hiragana,426,left,22,やたらに
あおじろい,青白い,あおじろい,臉色、蒼白的、青白色的,kanji,426,left,00,青白い
かっこ,括弧,かっこ,括號、括起來,kanji,426,left,,括弧
がら,柄,がら,身材、花紋、花樣、性格、人品,kanji,426,right,,柄
きょくせん,曲線,きょくせん,曲線,kanji,426,right,,曲線
ぎん,銀,ぎん,白銀、銀色,kanji,426,right,,銀
グラフ,グラフ,ぐらふ,圖表、圖解、座標圖、畫報,katakana,427,left,11,graph
ずけい,図形,ずけい,圖形、圖樣、數、圖形,kanji,427,left,16,図形
せいほうけい,正方形,せいほうけい,正方形,kanji,427,right,18,正方形
たいかくせん,対角線,たいかくせん,對角線,kanji,427,right,19,対角線
だえん,楕円,だえん,橢圓,kanji,427,right,20,楕円
ちょうほうけい,長方形,ちょうほうけい,長方形、知形,kanji,427,right,21,長方形
ちょっかく,直角,ちょっかく,直角,kanji,427,right,22,直角
でこぼこ,凸凹,でこぼこ,凹凸不平、坑坑宕庭、不平衡,kanji,427,right,23,凸凹
ましかく,真四角,ましかく,正方形、轉,kanji,428,left,26,真四角
まっか,真っ赤,まっか,鮮紅、完全,kanji,428,left,27,真っ赤
まんまるい,真ん丸い,まんまるい,温国、財光光,kanji,428,left,,真ん丸い
もよう,模様,もよう,花紋、圖案、情形、狀況、徵兆'趨勢,kanji,428,left,,模様
よこなが,横長,よこなが,和形動、長方形的、橫寬的、數,kanji,428,right,,横長
よつかど,四つ角,よつかど,十字路口、四個特角,kanji,428,right,02,四つ角
らせん,螺旋,らせん,螺旋状物、螺旋,kanji,428,right,03,螺旋
りょくおうしょく,緑黄色,りょくおうしょく,緑黄色,kanji,428,right,04,緑黄色
がくじゅつ,学術,がくじゅつ,學術,kanji,429,left,03,学術
がくもん,学問,がくもん,學業、學問、科學、學術、見論,kanji,429,left,04,学問
がっかい,学会,がっかい,學會、學社,kanji,429,left,05,学会
きょうよう,教養,きょうよう,教育教養、修養、専業以外的,kanji,429,right,08,教養
じしゅう,自習,じしゅう,自習、自學,kanji,430,left,02,自習
しぜんかがく,自然科学,しぜんかがく,自然科學,kanji,430,left,03,自然科学
じっしゅう,実習,じっしゅう,實習,kanji,430,left,15,実習
しゃかいかがく,社会科学,しゃかいかがく,社會科學,kanji,430,left,07,社会科学
じょうきゅう,上級,じょうきゅう,層次、水平高的、上級、高級、全,kanji,430,right,08,上級
しょきゅう,初級,しょきゅう,初級,kanji,430,right,00,初級
しょほ,初歩,しょほ,初學、初歩、入門,kanji,430,right,01,初歩
じんぶんかがく,人文科学,じんぶんかがく,人文科學、文化科學、哲學、語言學,kanji,430,right,22,人文科学
せんこう,専攻,せんこう,専門研究、専修、専門,kanji,430,right,23,専攻
たいいく,体育,たいいく,體育、體育課,kanji,431,left,24,体育
てつがく,哲学,てつがく,哲學、人生觀、世界觀,kanji,431,left,25,哲学
まなぶ,学ぶ,まなぶ,學習、掌握、體會,kanji,431,left,30,学ぶ
うらぐち,裏ロ,うらぐち,後門、便門、走後門,kanji,431,right,01,裏ロ
がっか,学科,がっか,科系,kanji,431,right,02,学科
キャンパス,キャンパス,きゃんぱす,大學、校園、校內,katakana,431,right,04,campus
こうとう,高等,こうとう,高等、上等、高級,kanji,432,left,00,高等
じつぎ,実技,じつぎ,實際操作,kanji,432,left,00,実技
じゅけん,受験,じゅけん,參加考試、應試、投考,kanji,432,left,,受験
しりつ,私立,しりつ,全私立、私營、元,kanji,432,right,02,私立
しんろ,進路,しんろ,前進的道路,kanji,432,right,03,進路
スクール,スクール,すくうる,學校、學派花式滑冰規定動作,katakana,432,right,05,school
ひきだす,引き出す,ひきだす,抽出、拉出、引誘出、誘騙、從,kanji,432,right,07,引き出す
ふぞく,付属,ふぞく,附屬,kanji,433,left,18,付属
あらわれ,現れ・表れ,あらわれ,的名詞形、表現,kanji,433,left,01,現れ・表れ
あんき,暗記,あんき,丸暗記防,kanji,433,left,02,暗記
いいん,委員,いいん,委員,kanji,433,left,03,委員
うけもつ,受け持つ,うけもつ,他五、擔任、'擔當、掌管,kanji,433,left,05,受け持つ
えんそく,人足,えんそく,名自、遠足、郊遊,kanji,433,right,0e,人足
おうよう,応用,おうよう,名-他、應用、運用,kanji,433,right,08,応用
かいてん,回転,かいてん,名-自、旋轉、轉動、迴轉、轉彎、轉,kanji,433,right,10,回転
がくねん,学年,がくねん,全學年、度、'、年級,kanji,434,left,12,学年
がくりよく,学力,がくりよく,回学力高,kanji,434,left,03,学力
かせん,下線,かせん,下線、字下書的線、底線,kanji,434,left,44,下線
がっきゅう,学級,がっきゅう,班級、學級,kanji,434,left,05,学級
かもく,科目,かもく,科目、項目、學校的、學科、課程,kanji,434,left,07,科目
くみ,組,くみ,班級、黑道、幫、孝,kanji,434,right,09,組
サークル,サークル,さあくる,伙伴、小組、周圍、範圍,katakana,434,right,01,circle
さいてん,採点,さいてん,評分數,kanji,434,right,02,採点
さわがしい,騒がしい,さわがしい,吵鬧的、吵雜的、喧剛的、社會奥論,kanji,434,right,03,騒がしい
しいんと,しいんと,しいんと,安靜、'、嘲靜'平靜、和寂靜,hiragana,434,right,04,しいんと
じかんわり,時間割,じかんわり,時間表,kanji,435,left,25,時間割
しゅうかい,集会,しゅうかい,集會,kanji,435,left,26,集会
しゅうごう,集合,しゅうごう,自他、集合、群購、集群、敷、集合,kanji,435,left,27,集合
しゅうだん,集団,しゅうだん,集體、集團,kanji,435,left,28,集団
せいしょよ,清書,せいしょよ,清書,kanji,435,left,30,清書
せいせき,成績,せいせき,成績、效果、成果,kanji,435,right,31,成績
ゼミ,ゼミ,ぜみ,跟著大學裡教授的指導、課堂討論,katakana,435,right,32,seminar
そつぎょうしょうしょ,業誠,そつぎょうしょうしょ,畢業證書,kanji,435,right,35,業誠
ちゅうたい,中退,ちゅうたい,正大学中退,kanji,436,left,37,中退
つうがく,通学,つうがく,通学,kanji,436,left,03,通学
とうあん,答案,とうあん,會試卷、卷子、生,kanji,436,left,,答案
とうばん,当番,とうばん,富村、人斑、的人,kanji,436,left,,当番
としょしつ,図書室,としょしつ,較覧補,kanji,436,left,02,図書室
パス,パス,ぱす,免票、免費、定期票、月票,katakana,436,right,04,pass
ばつ,ばつ,ばつ,表否定的、叉號,hiragana,436,right,05,ばつ
ひっき,人筆記,ひっき,筆記、記筆記,kanji,436,right,06,人筆記
ひっきしけん,筆記試験,ひっきしけん,筆試,kanji,436,right,07,筆記試験
まんてん,満点,まんてん,満分、最好、完美無鋼、登農洪極,kanji,437,left,49,満点
らん,拉,らん,名'漢千、表格等、欄目、欄杜、書籍,kanji,437,right,52,拉
れいてん,零点,れいてん,零分、毫無價值、不夠格、零度,kanji,437,right,53,零点
ぎしき,儀式,ぎしき,生儀式、典禮、和,kanji,438,left,01,儀式
きねん,記念,きねん,紀念,kanji,438,left,03,記念
きねんしゃしん,記念写真,きねんしゃしん,紀念照,kanji,438,left,04,記念写真
ぎょうじ,行事,ぎょうじ,按慣例舉行的儀式、活動,kanji,438,left,95,行事
しきたり,しきたり,しきたり,慣例、常規、成規、老規知,hiragana,438,right,05,しきたり
しゅくじつ,祝日,しゅくじつ,政府規定的、節日,kanji,438,right,09,祝日
じんせい,人生,じんせい,人的一生、生涯、人的生活,kanji,438,right,,人生
そんぞく,存続,そんぞく,各自人分、繼續存在'永存、長存,kanji,439,left,12,存続
はなばなしい,華々しい,はなばなしい,華有豪華、輝爆,kanji,439,right,15,華々しい
ぼん,盆,ぼん,名-葉、拖盤、盆子、中元節略語,kanji,439,right,06,盆
めでたい,目出度い,めでたい,可喜可賀、喜慶的、順利、幸運,kanji,439,right,17,目出度い
あらい,粗い,あらい,約大、粗糙,kanji,440,left,02,粗い
かたな,刀,かたな,人刀的總稱,kanji,440,left,00,刀
かみそり,剃刀,かみそり,刺刀、刮蝴刀、頭腦敏銳、的人,kanji,440,right,,剃刀
かんでんち,乾電池,かんでんち,乾電池,kanji,440,right,,乾電池
かんむり,冠,かんむり,汐晃、字頭字蓋、有吾生気,kanji,440,right,,冠
くさり,鎖,くさり,鎖鏈、'、鎖條、連結、聯繫、《喻、段,kanji,441,left,01,鎖
くだ,管,くだ,細長的筒、管,kanji,441,left,12,管
くちべに,口紅,くちべに,口紅、辱上,kanji,441,left,13,口紅
くるむ,包む,くるむ,他五、包、裏,kanji,441,left,14,包む
コード,コード,こおど,軟線,katakana,441,left,15,cord
こうすい,香水,こうすい,香水,kanji,441,left,16,香水
コレクション,コレクション,これくしょん,蒐集、收藏、收藏品,katakana,441,right,08,collection
コンセント,コンセント,こんせんと,電線插座,katakana,441,right,19,consent
じしゃく,磁石,じしゃく,磁鐵、指南針,kanji,441,right,21,磁石
じゃぐち,蛇口,じゃぐち,水龍頭,kanji,441,right,22,蛇口
せんす,扇子,せんす,扇子,kanji,442,left,02,扇子
ぞうきん,雑店,ぞうきん,抹布,kanji,442,left,02,雑店
タイプライター,タイプライター,たいぷらいたあ,打字機,katakana,442,left,28,typewriter
タイヤ,タイヤ,たいや,輸胎爆胎,katakana,442,left,03,tire
ためし,試し,ためし,條試、試験、験算,kanji,442,left,,試し
ちりがみ,ちり紙,ちりがみ,衛生紙、粗草紙,kanji,442,right,04,ちり紙
なわ,縄,なわ,分繩子、繩索,kanji,443,left,37,縄
にちようひん,日用品,にちようひん,日用品,kanji,443,left,38,日用品
ねじ,ねじ,ねじ,螺絲、螺釘,hiragana,443,left,39,ねじ
パイプ,パイプ,ぱいぷ,導管、煙斗、煙嘴、管樂器,katakana,443,left,40,pipe
バケツ,バケツ,ばけつ,木桶,katakana,443,left,42,bucket
はりがね,針金,はりがね,金属絡、鉛ヽ銅ヽ鋼、線、電線,kanji,443,right,46,針金
ひつじゅひん,必需品,ひつじゅひん,必需品,kanji,443,right,47,必需品
ほうき,等,ほうき,仿掃需,kanji,444,left,53,等
マスク,マスク,ますく,面罩、假面、防護面具、口罩、防,katakana,444,left,54,mask
めざまし,目覚まし,めざまし,叫醒、喚醒、小孩睡醒後的點心,kanji,444,right,05,目覚まし
めざましどけい,目覚まし時計,めざましどけい,鬧鐘,kanji,444,right,05,目覚まし時計
モーター,モーター,もおたあ,系動機、電動機、馬建,katakana,444,right,05,motor
ようと,用途,ようと,用途、用處,kanji,444,right,,用途
ろうそく,蝋燭,ろうそく,蝋燭,kanji,444,right,00,蝋燭
くぎ,釘,くぎ,釘子,kanji,445,left,01,釘
くっつける,くっ付ける,くっつける,黏上、貼上,kanji,445,left,02,くっ付ける
けずる,削る,けずる,了五、削、包、刮、刪減、削去、'削減,kanji,445,left,03,削る
ざぶとん,座布団,ざぶとん,舖在席子上的、棉坐墊,kanji,445,left,04,座布団
シャープペンシル,シャープペンシル,しゃあぷぺんしる,自動鉛筆,katakana,445,left,05,(和)sharp+pencil
そうち,装置,そうち,装置,kanji,445,right,08,装置
そろばん,そろばん,そろばん,算盤、珠算,hiragana,445,right,09,そろばん
はんこ,はんこ,はんこ,印章、印鑑,hiragana,445,right,12,はんこ
ぶひん,部品,ぶひん,機械等、補件,kanji,446,left,04,部品
ペンチ,ペンチ,ぺんち,鉗子、上,katakana,446,left,06,pinchers
ほんばこ,本箱,ほんばこ,和書箱,kanji,446,left,04,本箱
メモ,メモ,めも,為在便條上,katakana,446,right,09,memo
いれもの,入れ物,いれもの,容器、器皿,kanji,446,right,01,入れ物
かご,籠,かご,籠子、僅、和区,kanji,446,right,02,籠
ぎっしり,ぎっしり,ぎっしり,裝或擠的、滿滿的,hiragana,447,left,0e,ぎっしり
きんこ,金庫,きんこ,保險櫃、國家或公共團體的、金融,kanji,447,left,07,金庫
ケース,ケース,けえす,包含、箱、袋、場合、情形、事例,katakana,447,left,08,case
しゅうのう,収納,しゅうのう,收納、收藏,kanji,447,left,09,収納
つりあう,釣り合う,つりあう,人五、平衡、均衡、勻稱、相稱,kanji,447,left,10,釣り合う
はかり,計り,はかり,計量、份量、限度,kanji,447,left,11,計り
はかり,秤,はかり,計量、份量、限度,kanji,447,left,12,秤
ぴん,舞,ぴん,瓶'、瓶子,kanji,447,right,43,舞
ものさし,物差し,ものさし,尺度、基準,kanji,447,right,14,物差し
あかり,明かり,あかり,燈火、光、光亮、消除嫌疑的,kanji,447,right,01,明かり
あっしゅく,圧縮,あっしゅく,壓縮、把文章等、縮短,kanji,447,right,02,圧縮
けんびきょう,顕微鏡,けんびきょう,回題微鏡蕊見名,kanji,448,left,63,顕微鏡
スイッチ,スイッチ,すいっち,開關、接通電路、喻、轉換、為,katakana,448,left,05,switch
たちあがる,立ち上がる,たちあがる,站起、起來、升起、冒起、重振,kanji,448,left,,立ち上がる
ふくしゃ,複写,ふくしゃ,複覓複制、抄寫、繕寫,kanji,448,right,00,複写
プリント,プリント,ぷりんと,印刷、品、油印、講義、印花,katakana,448,right,01,print
ぼうえんきょう,望遠鏡,ぼうえんきょう,章遠鏡,kanji,448,right,02,望遠鏡
レンズ,レンズ,れんず,鏡片、鏡頭,katakana,448,right,03,(荷)lens
うちあわせる,打ち合わせ,うちあわせる,他下一、使‧,kanji,449,left,03,打ち合わせ
おうせつ,応接,おうせつ,接待、應接,kanji,449,right,06,応接
かつりょく,活力,かつりょく,活力,kanji,449,right,07,活力
かねる,兼ねる,かねる,兼備、不能、無法,kanji,449,right,08,兼ねる
きにゅう,記入,きにゅう,名-介、填寫、寫入、記上,kanji,449,right,09,記入
きばん,基盤,きばん,基礎、底座、底子、基岩,kanji,449,right,10,基盤
きゅうか,休暇,きゅうか,節假日以外的、休假,kanji,449,right,11,休暇
きゅうぎょう,休業,きゅうぎょう,休業,kanji,450,left,,休業
きゅうじょ,救助,きゅうじょ,生人、救助搭救、救援、救濟,kanji,450,left,13,救助
くみあい,組合,くみあい,同業、工會、合作社,kanji,450,left,14,組合
けんしゅう,研修,けんしゅう,准修、培訓,kanji,450,left,05,研修
こうぞう,構造,こうぞう,名構造、結構,kanji,450,left,01,構造
こうたい,交替,こうたい,引換班、輸流、替換、輸換,kanji,450,left,,交替
こしかけ,腰掛け,こしかけ,廚子、暫時棲身之處、一時落腳處、作,kanji,450,right,09,腰掛け
ころがる,転がる,ころがる,人五、滾動、轉動、倒下、躺下、擺著,kanji,450,right,00,転がる
さいしゅうてき,最終的,さいしゅうてき,形勁、最後,kanji,450,right,31,最終的
さいそく,催促,さいそく,催促、催討,kanji,450,right,22,催促
さぎょう,作業,さぎょう,工作、操作、作業、勞動,kanji,450,right,23,作業
じっせき,実績,じっせき,實績、實際成績,kanji,451,left,26,実績
じむ,事務,じむ,事務、多為處理文件、行政等庶務工作,kanji,451,left,27,事務
しめきる,締切る,しめきる,期限、届満、戴止、結束,kanji,451,left,28,締切る
じゅうし,重視,じゅうし,重視、認為重要,kanji,451,left,29,重視
しゅっきん,出勤,しゅっきん,上班、出勤,kanji,451,left,30,出勤
じんじ,人事,じんじ,人事、人力能仙的事、人事、工作,kanji,451,right,04,人事
せいそう,清掃,せいそう,名-他、清掃、打掃,kanji,451,right,36,清掃
たいする,対する,たいする,面對、面向、對於、關於、對立,kanji,452,left,40,対する
でいり,出入り,でいり,出入、進出、因有買賣關係而,kanji,452,right,07,出入り
にがす,逃がす,にがす,他五、放掉、放跑、使跑掉、沒抓住,kanji,453,left,51,逃がす
にゅうしゃ,入社,にゅうしゃ,進公司工作、入社,kanji,453,left,52,入社
のうりつ,人能率,のうりつ,效率,kanji,453,left,53,人能率
はっき,発揮,はっき,工作、職場,kanji,453,left,54,発揮
ふせい,不正,ふせい,名-形、不正當、不正派、非法、壞行,kanji,453,right,57,不正
プラン,プラン,ぷらん,計畫、方案、設計圖、平面圖、方式,katakana,453,right,58,plan
ほうる,放る,ほうる,不加理明,kanji,453,right,09,放る
ほんらい,本来,ほんらい,吧本來、天生、原本、按道理、本應,kanji,453,right,60,本来
ろうどう,労働,ろうどう,勞動、體力勞動、工作、經,kanji,454,left,,労働
けいび,警備,けいび,警備、戒備,kanji,454,right,02,警備
しほん,資本,しほん,資本,kanji,454,right,03,資本
しょうぎょう,商業,しょうぎょう,商業,kanji,454,right,04,商業
しょうぼう,消防,しょうぼう,消防、消防隊員、消防車,kanji,454,right,05,消防
しょくぎょう,職業,しょくぎょう,職業,kanji,455,left,07,職業
ちゃんと,ちゃんと,ちゃんと,端正地、規息地、披期、如期、整潔,hiragana,455,left,09,ちゃんと
つまずく,躓く,つまずく,絆倒、受挫,kanji,455,left,10,躓く
はってん,発展,はってん,擴展、發展、活躍、活動,kanji,455,left,11,発展
しゅうにん,就任,しゅうにん,就職、就任、和,kanji,455,right,02,就任
じゅうやく,重役,じゅうやく,擔任重要職務的人、重要職位、重,kanji,455,right,03,重役
どうかく,同格,どうかく,同級、同等資格、等級相同、同夫,kanji,455,right,07,同格
とどまる,留まる,とどまる,停留、停頓、留下、停留、止於,kanji,456,left,08,留まる
ゆうのう,有能,ゆうのう,有才能的、能幹的,kanji,456,left,,有能
リード,リード,りいど,領導、帶領、比賽、領先、贏,katakana,456,left,01,lead
つかい,使い,つかい,使用、派去的人、派人出去、買東西,kanji,456,left,02,使い
てま,手間,てま,工作所需的、勞力、時間與功夫、手、喲,kanji,456,right,03,手間
にっか,日課,にっか,日課,kanji,456,right,04,日課
ほす,干す,ほす,腸乾、把、池、水弄乾、乾杯,kanji,456,right,06,干す
オートメーション,オートメーション,おおとめえしょん,自動化、自動控制装置、自動操,katakana,457,left,01,automati
けっかん,欠陥,けっかん,缺陷、致命的缺點,kanji,457,left,04,欠陥
げんさん,原産,げんさん,原産,kanji,457,left,05,原産
こうば,工場,こうば,食工廠、作坊,kanji,457,right,07,工場
さかり,盛り,さかり,接尾、最旺盛時期、全盛狀態、壯年,kanji,457,right,08,盛り
じんぞう,人造,じんぞう,人造、人工合成,kanji,457,right,00,人造
ストップ,ストップ,すとっぷ,自他、停止、中止、停止信號、口令,katakana,458,left,,stop
だいいち,第一,だいいち,第一、第一位、首先、首屈一指,kanji,458,left,13,第一
みやげ,土産,みやげ,贈送他人的、禮品、禮物、出門帶,kanji,458,right,07,土産
ぎょぎょう,漁業,ぎょぎょう,漁業盛,kanji,458,right,01,漁業
さんち,産地,さんち,産地、出生地,kanji,458,right,02,産地
すいさん,水産,すいさん,水産、品、'、漁業,kanji,458,right,04,水産
たうえ,田植え,たうえ,捕答,kanji,459,left,0e,田植え
たがやす,耕す,たがやす,耕作、耕田,kanji,459,left,07,耕す
たんぼ,田んぼ,たんぼ,米田、田地,kanji,459,left,08,田んぼ
のうさんぶつ,農産物,のうさんぶつ,農產品,kanji,459,left,09,農産物
のうそん,農村,のうそん,農村、郷村,kanji,459,left,10,農村
のうやく,農薬,のうやく,農藥,kanji,459,left,11,農薬
ほかく,捕獲,ほかく,捕獲,kanji,459,right,13,捕獲
ぼくじょう,牧場,ぼくじょう,牧場,kanji,459,right,04,牧場
えんとつ,煙突,えんとつ,煙數,kanji,459,right,01,煙突
げんば,現場,げんば,事才等的現場、工程等的、現場,kanji,460,left,,現場
そうおん,騒音,そうおん,噪音、吵雜的聲音、吵鬧聲,kanji,460,right,,騒音
ぞうせん,造船,ぞうせん,造船,kanji,460,right,,造船
たんこう,炭鉱,たんこう,炭鉱,kanji,460,right,,炭鉱
ちゃくちゃく,着々,ちゃくちゃく,着々,kanji,460,right,,着々
てっきょう,鉄橋,てっきょう,鐵橋、鐵路橋,kanji,460,right,,鉄橋
ほる,掘る,ほる,挖出'、掘出,kanji,461,left,15,掘る
みぞ,溝,みぞ,水溝、拉門門框上的、溝槽、切口,kanji,461,right,16,溝
やかましい,喧しい,やかましい,聲音、吵開的、喧擾的、呢唆的,kanji,461,right,07,喧しい
かぜい,課税,かぜい,課税,kanji,462,left,04,課税
きんゆう,金融,きんゆう,金融、通融資金、點,kanji,462,left,05,金融
けいき,景気,けいき,事物的、活動狀態、活潑、精力旺盛,kanji,462,right,06,景気
さんにゅう,参入,さんにゅう,進入、進宮,kanji,462,right,08,参入
マーケット,マーケット,まあけっと,翁商場、市場、商品、銷售地區,katakana,463,left,11,market
うけたまわる,承る,うけたまわる,聴取、導従、接受、知道、知慈,kanji,463,left,01,承る
うけとり,受け取り,うけとり,收領、收據、計件工作、的工錢,kanji,463,left,02,受け取り
しょめい,署名,しょめい,署名、簽名、簽的名字,kanji,463,right,0g,署名
ふとう,不当,ふとう,不正當、非法、無理,kanji,463,right,10,不当
うりきれ,売り切れ,うりきれ,責完,kanji,463,right,01,売り切れ
うりきれる,売り切れる,うりきれる,賣完、賣光,kanji,463,right,02,売り切れる
うれゆき,売れ行き,うれゆき,商品的、銷售狀況、銷路,kanji,464,left,09,売れ行き
うれる,売れる,うれる,條一、商品賣出、暢銷、變得廣為人知,kanji,464,left,00,売れる
だいきん,代金,だいきん,貸款、借款,kanji,464,left,07,代金
とくばい,特売,とくばい,特賣、公家機關不經標,kanji,464,right,09,特売
のこり,残り,のこり,剩餘、殘留,kanji,464,right,00,残り
はつばい,発売,はつばい,出售,kanji,464,right,,発売
はんばい,販売,はんばい,販賣、出售,kanji,464,right,03,販売
わりぴき,割引,わりぴき,價錢、打折扣、減價、對說話,kanji,464,right,04,割引
かかく,価格,かかく,價格,kanji,465,left,01,価格
すいじゅん,水準,すいじゅん,水準水平面、水平器、地位、ヽ質量,kanji,465,left,05,水準
それなり,それなり,それなり,恰如其分、就那樣,hiragana,465,left,0e,それなり
てごろ,手頃,てごろ,大小軽重、合手、合導、相営,kanji,465,right,08,手頃
むりょう,無料,むりょう,免費、無須報酬,kanji,465,right,10,無料
ゆうりょう,有料,ゆうりょう,收費,kanji,465,right,11,有料
りょうきん,料金,りょうきん,費用、使用費、手續費,kanji,465,right,12,料金
りょうしゅう,領収,りょうしゅう,收到,kanji,465,right,13,領収
せおう,背負う,せおう,擔負、承擔、肩負,kanji,466,left,05,背負う
そんがい,損害,そんがい,損失、損害、損耕,kanji,466,right,07,損害
そんしつ,損失,そんしつ,損害、損失,kanji,466,right,03,損失
そんとく,損得,そんとく,損益、得失、利害,kanji,466,right,,損得
てっする,徹する,てっする,貫徹、貫容、敬崩、徹夜、徹底,kanji,466,right,,徹する
もうかる,儲かる,もうかる,賺到、得利、賺得到便宜、撿便宜,kanji,466,right,,儲かる
りがい,利害,りがい,利害、得失、利辦、損益,kanji,467,left,15,利害
きゅうよ,給与,きゅうよ,供給、品、'、分發、待遇、工資,kanji,467,left,01,給与
げっきゅう,月給,げっきゅう,月新、工資,kanji,467,left,02,月給
さしひく,差し引く,さしひく,扣除、減去、抵補、相抵、的餘額,kanji,467,left,03,差し引く
ちょうだい,頂戴,ちょうだい,頂戴,kanji,467,right,09,頂戴
きんがく,金額,きんがく,金額,kanji,467,right,02,金額
きんせん,金銭,きんせん,全錢財、錢款、金幣,kanji,468,left,03,金銭
しはらう,支払う,しはらう,支付、付款,kanji,468,left,07,支払う
しゅうきん,集金,しゅうきん,的錢,kanji,468,left,,集金
つり,釣り,つり,色釣、釣魚、找錢、找的錢,kanji,468,left,99,釣り
はぶく,省く,はぶく,省略、精簡、簡化、節省,kanji,468,right,10,省く
はらいこむ,払い込む,はらいこむ,他五、繳納,kanji,468,right,11,払い込む
はらいもどす,払い戻す,はらいもどす,退還、多餘的錢、退費、銀行,kanji,468,right,12,払い戻す
ひよう,費用,ひよう,費用、開銷,kanji,468,right,03,費用
ぶんたん,分担,ぶんたん,分擔,kanji,468,right,04,分担
めんぜい,免税,めんぜい,免税,kanji,468,right,05,免税
こづかい,小遣い,こづかい,零用錢,kanji,469,left,04,小遣い
ざいさん,財産,ざいさん,財産、文化遺產,kanji,469,left,05,財産
さつ,札,さつ,漢入、紙幣、鈔票、寫有字的、木牌,kanji,469,left,0e,札
しへい,紙幣,しへい,紙幣,kanji,469,right,07,紙幣
ぜい,税,ぜい,税金,kanji,469,right,09,税
そうぞく,相続,そうぞく,承繼、財產等,kanji,469,right,10,相続
たいきん,大金,たいきん,巨額金錢、巨款,kanji,469,right,01,大金
ちょぞう,貯蔵,ちょぞう,名-介、儲藏,kanji,469,right,12,貯蔵
ちょちく,貯蓄,ちょちく,位革,kanji,469,right,13,貯蓄
つうちょう,通帳,つうちょう,存燈、除要等的、折子、帳簿,kanji,470,left,15,通帳
ききん,外館,ききん,負妖、負荒、鈴乏,kanji,470,left,02,外館
ぜいたく,毅沢,ぜいたく,民動、奢侈、奢華、浪費、鋪張、過,kanji,470,right,06,毅沢
まずしい,貧しい,まずしい,生活、貧窮的、窮困的、經驗、才,kanji,470,right,07,貧しい
あん,案,あん,計書、提案、意見、預想、意料,kanji,471,left,01,案
かんする,関する,かんする,開於、奥,kanji,471,right,06,関する
げんじょう,現状,げんじょう,現狀,kanji,471,right,97,現状
こっか,国家,こっか,國家,kanji,471,right,08,国家
じじょう,事情,じじょう,狀況、內情、情形、局外人所不知的,kanji,471,right,10,事情
しゅぎ,主義,しゅぎ,公主義、信條、作風、行動方針,kanji,472,left,01,主義
ずのう,頭脳,ずのう,人頭腦、判斷力、智力、團體的、決,kanji,472,left,04,頭脳
せいかい,政界,せいかい,政界、政治舞台,kanji,472,left,14,政界
せいふ,政府,せいふ,政府、内閣、中央政府,kanji,472,left,05,政府
デモ,デモ,でも,抗議行動,katakana,472,right,08,demonstration
こうむ,公務,こうむ,公務、國家及行政機開的事務,kanji,472,right,01,公務
じち,自治,じち,自治地方自治,kanji,472,right,02,自治
じゅうてん,重点,じゅうてん,重點、物、作用點,kanji,472,right,03,重点
ぜんたい,全体,ぜんたい,全身、整個身體、全體、總體,kanji,473,left,0e,全体
ぞうだい,増大,ぞうだい,自他、増多、増大,kanji,473,left,07,増大
たいけい,体系,たいけい,体系,kanji,473,left,08,体系
たいさく,対策,たいさく,對策、應付方法,kanji,473,left,09,対策
とうしょ,投書,とうしょ,投書、'、信訪、匿名投書、向,kanji,473,left,10,投書
やくにん,役人,やくにん,官員、公務員,kanji,473,right,14,役人
りんじ,臨時,りんじ,臨時、暫時、特別,kanji,473,right,16,臨時
かけつ,可決,かけつ,圏法案可決,kanji,474,left,93,可決
ぎかい,議会,ぎかい,四議会解散,kanji,474,left,05,議会
きょうさん,共産,きょうさん,共産、共産主義,kanji,474,left,00,共産
ぎろん,議論,ぎろん,事論、対論、角論,kanji,474,right,07,議論
こうしゅう,公衆,こうしゅう,公眾、公共、一般人,kanji,474,right,00,公衆
こっかい,国会,こっかい,國會、議會,kanji,474,right,,国会
じつれい,実例,じつれい,實例,kanji,475,left,14,実例
せいとう,政党,せいとう,政黨,kanji,475,left,17,政党
せいりつ,成立,せいりつ,産生、完成、實現、成立、組成,kanji,475,left,18,成立
そうりだいじん,総理大臣,そうりだいじん,圏内閣総理大臣任命,kanji,475,right,19,総理大臣
だいじん,大臣,だいじん,政府部長、大臣,kanji,475,right,21,大臣
だいとうりょう,大統領,だいとうりょう,總統,kanji,475,right,22,大統領
だいり,代理,だいり,代理、代替、代理人、代表,kanji,475,right,23,代理
とりけす,取り消す,とりけす,取消、撒銷、作說,kanji,476,right,,取り消す
もと,元・基,もと,出身、成本,kanji,476,right,,元・基
がいこう,外交,がいこう,外交、翌外事務、外勤人具,kanji,476,right,04,外交
かっこく,各国,かっこく,各國,kanji,476,right,,各国
こんらん,混乱,こんらん,混亂,kanji,476,right,03,混乱
じたい,事態,じたい,事態、情形、局勢,kanji,477,left,05,事態
しゅよう,主要,しゅよう,主要的,kanji,477,left,07,主要
しょこく,諸国,しょこく,各國,kanji,477,left,09,諸国
じんしゅ,人種,じんしゅ,人種、種族、某、一類人、俗、生,kanji,477,right,11,人種
ぜいかん,税関,ぜいかん,海關,kanji,477,right,12,税関
たいせい,体制,たいせい,體制、結構、統治者行使權力的,kanji,477,right,13,体制
つうよう,通用,つうよう,通用、通行、兼用、兩用、在,kanji,477,right,14,通用
とんでもない,とんでもない,とんでもない,出乎意料、不合情理、同有此,hiragana,478,left,16,とんでもない
もよおし,催し,もよおし,和舉辦主辦、集會、文化娛樂活動,kanji,478,left,01,催し
りょうじ,領事,りょうじ,領事,kanji,478,right,02,領事
れんごう,連合,れんごう,他自六、聯合、團結、心、聯想,kanji,478,right,03,連合
きち,基地,きち,基地、根據地,kanji,478,right,,基地
くだく,砕く,くだく,他五、打碎'弄碎,kanji,479,left,0e,砕く
くっつく,くっ付く,くっつく,緊貼在一起、附著,kanji,479,left,07,くっ付く
ぐん,軍,ぐん,軍隊、軍隊編排單位、軍,kanji,479,left,08,軍
ぐんたい,軍隊,ぐんたい,軍隊,kanji,479,left,09,軍隊
くんれん,訓練,くんれん,訓練,kanji,479,left,10,訓練
こうげき,攻撃,こうげき,攻擊、進攻、反擊、指責,kanji,479,left,11,攻撃
ごうどう,合同,ごうどう,合同,kanji,479,right,02,合同
ごうりゅう,合流,ごうりゅう,合流,kanji,479,right,13,合流
サイレン,サイレン,さいれん,警笛、汽笛,katakana,479,right,44,siren
じえい,自衛,じえい,自衛,kanji,479,right,15,自衛
しはい,支配,しはい,決定、左右,kanji,479,right,16,支配
しゅくしょう,縮小,しゅくしょう,縮小,kanji,479,right,07,縮小
せんすい,潜水,せんすい,衝衝、潛水,kanji,480,left,,潜水
たいせん,大戦,たいせん,大戦,kanji,480,left,,大戦
ていこう,抵抗,ていこう,抵抗、抗拒、反抗、物理、電阻,kanji,480,left,03,抵抗
てっぽう,鉄砲,てっぽう,歩栓,kanji,480,right,04,鉄砲
ぶき,武器,ぶき,武器、兵器、有利的、手段、武器,kanji,480,right,06,武器
ほんぶ,本部,ほんぶ,本部、總部,kanji,480,right,07,本部
あてはめる,当てはめる,あてはめる,他下二、適用、應用,kanji,481,left,02,当てはめる
エチケット,エチケット,えちけっと,禮節、禮儀、社交、規和矩,katakana,481,left,03,etiquette
おこたる,怠る,おこたる,人怠慢、懶惰、疏忽、大意,kanji,481,left,04,怠る
ぎむ,義務,ぎむ,義務,kanji,481,right,07,義務
けいしき,形式,けいしき,形式様式方式,kanji,481,right,10,形式
けいとう,系統,けいとう,系統、體系,kanji,481,right,01,系統
けんり,権利,けんり,回権利持,kanji,482,left,,権利
こうしき,公式,こうしき,正式、数、公式、較,kanji,482,left,14,公式
つけくわえる,付け加える,つけくわえる,才一、添加、附帶,kanji,482,left,01,付け加える
ふか,不可,ふか,不可、不行、成績評定等級、不及格,kanji,482,left,18,不可
けいこく,警告,けいこく,警告,kanji,482,right,03,警告
あやまり,誤り,あやまり,錯誤,kanji,483,left,01,誤り
うったえる,訴える,うったえる,他下二、控告、控訴、申訴、求助於,kanji,483,left,04,訴える
うばう,奪う,うばう,奪取、剝奪,kanji,483,right,05,奪う
おおよそ,大凡,おおよそ,大體、大概、一般、大約、差不多,kanji,483,right,0e,大凡
げんじゅう,厳重,げんじゅう,嚴重的、嚴格的、嚴厲的,kanji,483,right,09,厳重
ごうとう,強盗,ごうとう,強盜、行搶,kanji,483,right,09,強盗
じりき,自力,じりき,把自己的力量,kanji,483,right,41,自力
しんにゅう,侵入,しんにゅう,温入、侵略、非法、間入,kanji,484,left,02,侵入
せまる,迫る,せまる,變狹窄縮短、陷於困境、窘困,kanji,484,left,43,迫る
たいほ,逮捕,たいほ,逮捕,kanji,484,left,04,逮捕
つみ,罪,つみ,名天、法律上的犯罪、宗教上的,kanji,484,left,16,罪
どうか,どうか,どうか,請求他人時、請、設法、想辦法、情,hiragana,484,left,07,どうか
とうなん,盗難,とうなん,盗難章,kanji,484,right,08,盗難
とらえる,捕らえる,とらえる,了下、捕捉、妹捕、緊,kanji,484,right,,捕らえる
はんざい,犯罪,はんざい,犯罪,kanji,484,right,00,犯罪
ピストル,ピストル,ぴすとる,手槍,katakana,484,right,01,pistol
ぶっそう,物騒,ぶっそう,騒不安、不安定、危險,kanji,484,right,02,物騒
ぼうはん,防犯,ぼうはん,防止犯罪,kanji,484,right,03,防犯
みぜん,未然,みぜん,尚未發生,kanji,484,right,04,未然
やっつける,やっつける,やっつける,幹完、工作等、単,hiragana,485,left,26,やっつける
ゆくえ,行方,ゆくえ,去向、目的地、下落、行路、前塗,kanji,485,left,27,行方
ゆくえふめい,行方不明,ゆくえふめい,下落不明,kanji,485,left,28,行方不明
ようそ,要素,ようそ,要素、因素、理化、要素、因子,kanji,485,left,29,要素
かしつ,過失,かしつ,過失,kanji,485,left,01,過失
しきりに,頻りに,しきりに,一直地、熱心、強烈,kanji,485,right,0e,頻りに
しじゅう,始終,しじゅう,開頭和結尾、自始至終、経常,kanji,485,right,0e,始終
しだい,次第,しだい,綠由、任憑、取決於,kanji,486,left,09,次第
ていしゅつ,提出,ていしゅつ,提出、交出、提供,kanji,486,left,13,提出
とくしゅ,特殊,とくしゅ,形和特殊特別,kanji,486,left,14,特殊
ばっする,罰する,ばっする,處罰、責罰,kanji,486,right,06,罰する
あきれる,呆れる,あきれる,二吃驚、愕然、嚇呆、發愣,kanji,487,left,01,呆れる
うやまう,敬う,うやまう,尊敬,kanji,487,left,05,敬う
うらやむ,羨む,うらやむ,了五、羨慕、嫉妒,kanji,487,right,06,羨む
おもいこむ,思い込む,おもいこむ,確信不疑、深信、下決心,kanji,487,right,09,思い込む
おもいやり,思い遺り,おもいやり,同情心、體貼,kanji,487,right,10,思い遺り
かくご,覚悟,かくご,自他、精神準備、決心、算悟,kanji,487,right,01,覚悟
かんげき,感激,かんげき,威激、威重,kanji,488,left,05,感激
きがする,気がする,きがする,好像、有心、情,kanji,488,right,,気がする
きにする,気にする,きにする,介意、在平,kanji,488,right,01,気にする
きぶんてんかん,気分転換,きぶんてんかん,建語、名、轉換心情,kanji,489,left,24,気分転換
くうそう,空想,くうそう,空想、幻想,kanji,489,left,26,空想
くるう,狂う,くるう,中五、發狂、發瘋、失常、不準確、'、有,kanji,489,left,27,狂う
こいしい,恋しい,こいしい,思慕的、善戀的、懷戀的,kanji,489,left,28,恋しい
こううん,幸運,こううん,形動、幸運、健倖,kanji,489,left,29,幸運
こうきしん,好奇心,こうきしん,好奇心,kanji,489,left,30,好奇心
こころあたり,心当たり,こころあたり,想像、估計、猜想、得到、線守,kanji,489,right,31,心当たり
こらえる,堪える,こらえる,忍耐、忍受、忍住、抑制住、容忍,kanji,489,right,32,堪える
さいわい,幸い,さいわい,名-形、幸運、幸福、幸虧、好在,kanji,489,right,33,幸い
しかたがない,仕方がない,しかたがない,沒有辦法、沒有用處、無濟於事,kanji,489,right,34,仕方がない
しみじみ,しみじみ,しみじみ,痛切、深切地親密、青切、仔細,hiragana,490,left,03,しみじみ
しめた,占めた,しめた,還不、俗、太好了、好極了、正中下懷,kanji,490,left,07,占めた
しんじゅう,心中,しんじゅう,守信義、相愛男女因不能,kanji,490,left,09,心中
しんり,心理,しんり,心理,kanji,490,left,40,心理
ずるい,ずるい,ずるい,手使,hiragana,490,right,42,ずるい
たいした,大した,たいした,運體、非常的、了不起的、下接否定詞,kanji,490,right,45,大した
たまらない,堪らない,たまらない,旨語、形、難堪、忍受不了、難以形容,kanji,490,right,07,堪らない
ためらう,躊躇う,ためらう,猶豫、遲疑,kanji,491,left,48,躊躇う
ちかう,誓う,ちかう,發誓、起誓、宣搶,kanji,491,left,49,誓う
とがる,尖る,とがる,尖銳、神經緊張,kanji,491,left,50,尖る
なんとなく,何となく,なんとなく,不知為何、總和覺得、不由得、無意,kanji,491,left,51,何となく
なんとも,なんとも,なんとも,關緊要、沒關係、沒什麼、下接否,hiragana,491,left,52,なんとも
ねがい,願い,ねがい,願簿、心願、請求、請願、申請,kanji,491,left,53,願い
ふくらます,膨らます,ふくらます,弄鼓、歇喜,kanji,491,right,54,膨らます
あらた,新た,あらた,重新、新的、新鮮的,kanji,491,right,03,新た
おいかける,追い掛ける,おいかける,追趕、緊接著,kanji,492,left,07,追い掛ける
きをつける,気を付ける,きをつける,當心、人留意、心,kanji,492,right,01,気を付ける
けっしん,決心,けっしん,自他、決心、決意,kanji,492,right,02,決心
さっさと,さっさと,さっさと,毫不猶豫、毫不耽擱時和,hiragana,492,right,03,さっさと
すくう,救う,すくう,拯救搭救救援、解救、救濟,kanji,492,right,06,救う
せいぜい,精々,せいぜい,盡量、畫可能、最大限度、充其量,kanji,493,left,17,精々
せめる,責める,せめる,責備、貢問、昔責、折磨、推,kanji,493,left,18,責める
なす,為す,なす,做、為,kanji,493,left,20,為す
ねがう,願う,ねがう,請求、請願、懇求、願堂、希,kanji,493,left,21,願う
のぞみ,望み,のぞみ,希堂、願党、期党、抱負、志,kanji,493,left,22,望み
はりきる,張り切る,はりきる,人五、拉緊、緊張、幹動十足、精神百倍,kanji,493,right,24,張り切る
みずから,自ら,みずから,自己、自身、親身、親邊,kanji,493,right,27,自ら
もくひょう,目標,もくひょう,目標指標,kanji,493,right,28,目標
あいする,愛する,あいする,愛慕、喜愛、有愛情、疼愛,kanji,494,left,02,愛する
いやがる,嫌がる,いやがる,討厭、不願意、逃避,kanji,494,left,04,嫌がる
このみ,好み,このみ,愛好、喜歡、願意,kanji,494,right,,好み
このむ,好む,このむ,愛好、喜歡、願意、挑選、希鹿,kanji,494,right,,好む
しつれん,失恋,しつれん,失戀,kanji,494,right,,失恋
すききらい,好き嫌い,すききらい,好惡、喜好和厭惡、挑肥揀瘦、挑剔,kanji,495,left,13,好き嫌い
すきずき,好き好き,すきずき,各人、喜好不同、不同的喜好,kanji,495,left,14,好き好き
ひにく,皮肉,ひにく,形生、皮和肉、挖苦、諷刺、冷嘲熱諷,kanji,495,left,15,皮肉
ひひょう,批評,ひひょう,批評、批論,kanji,495,left,17,批評
ふへい,不平,ふへい,名形、不平、不滿意、牢騷,kanji,495,left,18,不平
あわれ,哀れ,あわれ,可憐、憐憫、悲哀、哀愁、情趣,kanji,495,right,01,哀れ
うかべる,浮かべる,うかべる,露出、想起,kanji,495,right,08,浮かべる
うく,浮く,うく,和飄浮、動搖、鬆動、高興、愉快,kanji,495,right,04,浮く
かなしむ,悲しむ,かなしむ,威到悲傷、痛心、可歐,kanji,495,right,95,悲しむ
きつい,きつい,きつい,嚴厲的、'嚴苛的、剛強、要強、緊的,hiragana,496,left,07,きつい
くるしむ,苦しむ,くるしむ,痛苦、難受,kanji,496,left,02,苦しむ
しつぼう,失望,しつぼう,失鹿,kanji,496,right,05,失望
つきあたる,突き当たる,つきあたる,撞上、碰上、走到道路的盡頭、轉,kanji,496,right,06,突き当たる
なでさめる,慰める,なでさめる,心慰,kanji,496,right,08,慰める
ひげき,悲劇,ひげき,悲劇,kanji,496,right,09,悲劇
ふうん,不運,ふうん,運氣不好的、倒楣的'、不幸的,kanji,497,left,20,不運
ます,増す,ます,中五、他五、數量、增加、增長、增多、程,kanji,497,left,21,増す
みじめ,惨め,みじめ,懐惨、惨痛,kanji,497,left,22,惨め
あやうい,危うい,あやうい,危險的、令人擔憂、靠不住,kanji,497,left,02,危うい
えらい,偉い,えらい,偉大、卓越、了不起、地位、高,kanji,497,left,03,偉い
おどろかす,驚かす,おどろかす,人攻守,kanji,497,right,07,驚かす
おもいがけない,思い掛けない,おもいがけない,意想不到的、偶然的、意外的,kanji,497,right,08,思い掛けない
きみがわるい,気味が悪い,きみがわるい,毛骨悚然、令人不快,kanji,497,right,09,気味が悪い
きみよう,庁妙,きみよう,奇怪、出奇、奇異、奇妙,kanji,498,left,10,庁妙
くじょう,苦情,くじょう,不平、抱怨、者,kanji,498,left,03,苦情
くだらない,下らない,くだらない,無償休、無乳、不下,kanji,498,left,04,下らない
こうけい,光景,こうけい,景象、情況場面、様子,kanji,498,left,05,光景
こわがる,怖がる,こわがる,害怕、心,kanji,498,right,,怖がる
さいなん,災難,さいなん,災難、災禮,kanji,498,right,,災難
てんかい,展開,てんかい,開展、打開、展現、准展,kanji,498,right,00,展開
どなる,怒鳴る,どなる,大聲喊叫、大聲申訴,kanji,498,right,01,怒鳴る
なんで,何で,なんで,為什麼、何故,kanji,498,right,02,何で
にくむ,憎む,にくむ,氏五、憎恨、厭惡、嫉妒,kanji,499,left,24,憎む
のでぞく,除く,のでぞく,消除、刪除、除外、劇除、除了,kanji,499,left,25,除く
はんばつ,反発,はんばつ,回彈、排斥、拒絕、不,kanji,499,left,26,反発
ありがたい,有り難い,ありがたい,難得、少有、值得威謝、威激、值得,kanji,499,right,01,有り難い
いわい,祝い,いわい,祝賀、慶祝、賀宰、慶祝活動,kanji,499,right,02,祝い
うらみ,恨み,うらみ,女恨,kanji,499,right,03,恨み
うらむ,恨む,うらむ,抱怨、恨、感到遺城、可惜、雪恨,kanji,499,right,04,恨む
おわび,お詫び,おわび,回詫言,kanji,500,left,08,お詫び
おんけい,恩恵,おんけい,恩惠、好處、恩賜,kanji,500,left,07,恩恵
くやむ,悔やむ,くやむ,懊悔的、後悔的,kanji,500,left,,悔やむ
ほこる,誇る,ほこる,誇耀、自豪、情,kanji,500,right,,誇る
あるいは,或いは,あるいは,情-罰、或者、或是、也許、有的'、有時,kanji,501,left,01,或いは
あれこれ,あれこれ,あれこれ,這個那個、種種,hiragana,501,left,02,あれこれ
いだく,抱く,いだく,人五、抱、懐有、懐抱,kanji,501,left,04,抱く
うかぶ,浮かぶ,うかぶ,自五、漂、浮起、想起、浮現、露出、佛,kanji,501,left,05,浮かぶ
おそらく,恐らく,おそらく,恐司、或許、邊可能,kanji,501,right,0e,恐らく
こうじつ,口実,こうじつ,全藉口、口實,kanji,502,left,03,口実
しそう,思想,しそう,思想,kanji,502,left,04,思想
てっきり,てっきり,てっきり,仙一定、必然、果然、思,hiragana,502,left,16,てっきり
はたして,果たして,はたして,果然、果真,kanji,502,right,17,果たして
はっそう,発想,はっそう,自他、構想、主意、表建、表現、音、”、言,kanji,502,right,18,発想
あいにく,生憎,あいにく,生憎,kanji,502,right,01,生憎
あらためて,改めて,あらためて,重新、再,kanji,502,right,02,改めて
きのせい,気の所為,きのせい,到二、神經過敏、心理作用,kanji,503,left,0e,気の所為
けつだん,決断,けつだん,果斷明確地做出決定、決斷,kanji,503,left,08,決断
こうりょ,考慮,こうりょ,考慮,kanji,503,right,12,考慮
ざっと,ざっと,ざっと,粗略地科略地、大購上的、佑計,hiragana,503,right,04,ざっと
しんよう,信用,しんよう,名-他、堅信、'確信、信任、相信、信用,kanji,503,right,15,信用
しんらい,信頼,しんらい,信賴、相信,kanji,503,right,16,信頼
そのため,そのため,そのため,表原因、正是因為這樣,hiragana,504,left,09,そのため
それなのに,それなのに,それなのに,雖然那樣、儘管如此,hiragana,504,left,21,それなのに
だけど,だけど,だけど,然而、可是、但是、思,hiragana,504,right,03,だけど
だって,だって,だって,舞動、可是、但是、因為、即使時,hiragana,504,right,04,だって
だとう,妥当,だとう,形動-自、妥當、穩當、妥善,kanji,504,right,,妥当
だんてい,断定,だんてい,斷定、判斷,kanji,504,right,,断定
ちがいない,違いない,ちがいない,一定是、肯定'、沒錯、的確是,kanji,505,left,29,違いない
どうせ,どうせ,どうせ,表示沒有選擇餘地、反正、總歸就,hiragana,505,left,30,どうせ
ところが,ところが,ところが,搓助、然而、可是、不過、一,hiragana,505,left,31,ところが
もちいる,用いる,もちいる,使用、採用、採納、任用、録用,kanji,505,left,34,用いる
やむをえない,やむを得ない,やむをえない,不得已的、沒辦法的,kanji,505,right,35,やむを得ない
かいしゃく,解釈,かいしゃく,解程、理解、説明,kanji,505,right,03,解釈
かんねん,観念,かんねん,自他、觀念、決心、斷念、不抱希並,kanji,505,right,04,観念
けっきょく,結局,けっきょく,結果、結局、最後、最終、終究,kanji,506,left,09,結局
けんかい,見解,けんかい,見解、意見,kanji,506,left,08,見解
こうもく,項目,こうもく,文章項目、財物項目、字典的、詞條,kanji,506,left,,項目
こころえる,心得る,こころえる,懂得、領會、理解、有體驗、答應,kanji,506,right,01,心得る
さすが,流石,さすが,上形、真不愧是、果然名不虛傳、雖,kanji,506,right,02,流石
そうっと,そうっと,そうっと,情情地、同,hiragana,506,right,05,そうっと
たんなる,単なる,たんなる,僅僅、只不過,kanji,507,left,17,単なる
ちゅうしょう,抽象,ちゅうしょう,抽象,kanji,507,left,19,抽象
ひかくてき,比較的,ひかくてき,比較地,kanji,507,left,21,比較的
ぶんるい,分類,ぶんるい,分類、分門別類,kanji,507,left,22,分類
めいかく,明確,めいかく,有一、明確、準確,kanji,507,right,27,明確
もしも,もしも,もしも,強調、如果、萬一、倘若,hiragana,507,right,28,もしも
もって,以って,もって,悪人,kanji,508,left,02,以って
れんそう,連想,れんそう,聯相,kanji,508,left,03,連想
かつよう,活用,かつよう,活用、利用、使用,kanji,508,right,04,活用
カバー,カバー,かばあ,補償、補充、覆蓋,katakana,508,right,05,cover
かんちがい,勘違い,かんちがい,想錯、判斷錯誤、誤會,kanji,508,right,05,勘違い
げんに,現に,げんに,做為不可忽略的事實、實際上、親眼,kanji,509,left,10,現に
げんり,原理,げんり,原理、原則,kanji,509,left,11,原理
ごうり,合理,ごうり,合理,kanji,509,left,12,合理
じつよう,実用,じつよう,實用,kanji,509,right,14,実用
じゅうだい,重大,じゅうだい,形生、重要的、嚴重的、重大的,kanji,509,right,15,重大
そっちょく,率直,そっちょく,坦率、直率,kanji,510,left,20,率直
たくわえる,蓄える・貯える,たくわえる,硫一儲蓄、積蓄、保存、儲備、留,kanji,510,left,21,蓄える・貯える
ちのう,知能,ちのう,急智能、智力、智慧,kanji,510,left,23,知能
てきかく,的確,てきかく,正確、準確、恰當,kanji,510,left,24,的確
でたらめ,でたらめ,でたらめ,芒唐、胡扯、胡說八道、信口開河,hiragana,510,left,25,でたらめ
なぞ,謎,なぞ,謀語、暗示、口風、神秘、詭異、思,kanji,510,right,07,謎
ひねる,捻る,ひねる,扭、擰,kanji,510,right,00,捻る
ぶんめい,文明,ぶんめい,文明、物質文化,kanji,511,left,33,文明
ほんと,本当,ほんと,形動、真實、真心、綿在的確、真正,kanji,511,left,35,本当
ほんもの,本物,ほんもの,真貨、真的東西,kanji,511,left,36,本物
まね,真似,まね,名全、模仿、裝、仿效、愚蠢糊,kanji,511,left,37,真似
みにつく,身に付く,みにつく,學到手、掌握,kanji,511,left,38,身に付く
みにつける,身に付ける,みにつける,知識、技術等、學到、掌握到,kanji,511,right,39,身に付ける
むじゅん,矛盾,むじゅん,矛盾,kanji,511,right,40,矛盾
めいしん,迷信,めいしん,迷信,kanji,511,right,41,迷信
めちゃくちゃ,めちゃくちゃ,めちゃくちゃ,亂七八糟、胡亂、荒廖絕倫,hiragana,511,right,42,めちゃくちゃ
ものがたる,物語る,ものがたる,講述、說明、表明,kanji,511,right,44,物語る
ようてん,要点,ようてん,全要點、要領,kanji,512,left,04,要点
ようりょう,要領,ようりょう,要領、要點、訣竅、牙站、點,kanji,512,left,04,要領
よき,予期,よき,預期預料、料想、圖,kanji,512,left,,予期
りこう,利口,りこう,伶利機靈、巧妙、周到、上,kanji,512,right,02,利口
わざと,熊と,わざと,故意、有意、存心、特意地、有意識地,kanji,512,right,03,熊と
アクセント,アクセント,あくせんと,重音、重點、強調之點、語調、服,katakana,512,right,01,accent
いぎ,意義,いぎ,意義、意思、全休,kanji,512,right,02,意義
えいわ,英和,えいわ,英日辭典,kanji,512,right,03,英和
おくりがな,送り仮名,おくりがな,漢字訓讃時、寫在漢字下的假名、用,kanji,513,left,04,送り仮名
かつじ,活字,かつじ,鉛字、活字,kanji,513,left,05,活字
かなづかい,仮名遣い,かなづかい,假名的拼寫方法,kanji,513,left,06,仮名遣い
かんれん,関連,かんれん,關聯、有關係,kanji,513,left,07,関連
かんわ,漢和,かんわ,漢語和日語、漢日辭典、用日文解釋,kanji,513,left,08,漢和
くとうてん,句読点,くとうてん,句號、豆點、標點符號,kanji,513,left,09,句読点
くん,訓,くん,日語漢字的、訓讀、音,kanji,513,left,10,訓
けいようし,形容詞,けいようし,形容詞,kanji,513,right,01,形容詞
けいようどうし,形容動詞,けいようどうし,形容動詞,kanji,513,right,12,形容動詞
げんご,言語,げんご,言語,kanji,513,right,13,言語
ごじゅうおん,五十音,ごじゅうおん,五十音,kanji,513,right,14,五十音
ことばづかい,言葉遺い,ことばづかい,說法、措辭、表達,kanji,513,right,45,言葉遺い
ことわざ,諺,ことわざ,會諺語、俗語、成語、常廚,kanji,513,right,06,諺
じゅくご,熟語,じゅくご,成語、慣用語、由兩個以上單詞組成,kanji,514,left,07,熟語
しゅこ,主語,しゅこ,主語、邏、主詞、說,kanji,514,left,18,主語
じゅつご,述語,じゅつご,回主語動作、性質表部分,kanji,514,left,01,述語
せつぞく,接続,せつぞく,接続,kanji,514,left,20,接続
だいめいし,代名詞,だいめいし,和代名詞、代詞、以某詞指某物、某事,kanji,514,left,,代名詞
どうし,動詞,どうし,動詞,kanji,514,right,,動詞
なになに,何々,なになに,什麼什麼'、某某,kanji,514,right,,何々
ノー,ノー,のお,必要、禁止,katakana,514,right,,no
ひとこと,一言,ひとこと,一言,kanji,514,right,,一言
ふくし,副詞,ふくし,副詞,kanji,515,left,30,副詞
ぶしゅ,部首,ぶしゅ,漢字的、部首,kanji,515,left,31,部首
ふりがな,振り仮名,ふりがな,在漢字旁邊、標註假名,kanji,515,left,32,振り仮名
ペラペラ,ペラペラ,ぺらぺら,不結實貌、連續翻紙頁貌,katakana,515,left,33,ペラペラ
ぽい,ぽい,ぽい,欠尾、形尋、前接名詞、動詞連用形、構,hiragana,515,left,34,ぽい
ほうげん,方言,ほうげん,方言、地方話、'士話,kanji,515,right,35,方言
もじ,文字,もじ,字跡、文字、灌字、文章、學問,kanji,515,right,37,文字
ようご,用語,ようご,用語、措酔、術語、専業用語,kanji,515,right,39,用語
わえい,和英,わえい,典的簡稱,kanji,516,left,42,和英
あんなに,あんなに,あんなに,那麼地、那樣地,hiragana,516,left,03,あんなに
いいだす,言い出す,いいだす,開始説、説出口,kanji,516,right,,言い出す
いいつける,言い付ける,いいつける,命令、告狀、說慣、常說,kanji,516,right,,言い付ける
いわば,言わば,いわば,譬如、打個比方、說起來、打個比方說,kanji,516,right,,言わば
いわゆる,所謂,いわゆる,政所調、一般來説、大家所説的,kanji,516,right,,所謂
うんぬん,云々,うんぬん,云云、等等、說長道短,kanji,516,right,,云々
おきのどくに,お気の毒に,おきのどくに,連絡-硬、令人同情、過意不去'給人添,kanji,517,left,11,お気の毒に
おげんきで,お元気で,おげんきで,元気,kanji,517,left,12,お元気で
おめでたい,お目出度い,おめでたい,恭喜、可賀,kanji,517,left,13,お目出度い
かまいません,構いません,かまいません,私構,kanji,517,left,16,構いません
かんぱい,乾杯,かんぱい,乾杯,kanji,517,left,17,乾杯
きょうしゅく,恐縮,きょうしゅく,對對方的厚意威覺、惶恐、表威,kanji,517,right,18,恐縮
くれぐれも,くれぐれも,くれぐれも,反覆、周到,hiragana,517,right,09,くれぐれも
ごくろうさま,ご苦労様,ごくろうさま,辛苦了,kanji,517,right,20,ご苦労様
ことづける,言付ける,ことづける,託帶口信、託付,kanji,517,right,22,言付ける
ごぶさた,ご無沙汰,ごぶさた,和人、久貴問候、久未童訪、久不奉男,kanji,518,left,02,ご無沙汰
さて,さて,さて,自言自語、表猶豫、到底、那可,hiragana,518,left,26,さて
しかも,しかも,しかも,而且、並且、而、但、卻、反而、竟然,hiragana,518,left,02,しかも
しようがない,仕様がない,しようがない,多沒辦法,kanji,518,left,,仕様がない
せっかく,折角,せっかく,好不容易、直力、思,kanji,518,right,,折角
ぜひとも,是非とも,ぜひとも,一定、無論如何,kanji,518,right,,是非とも
そういえば,そう言えば,そういえば,這麼說來、這樣一說,kanji,518,right,,そう言えば
ただし,但し,ただし,到禮、但是、可是,kanji,519,left,35,但し
たとえる,例える,たとえる,比喻、比方,kanji,519,left,36,例える
できれば,できれば,できれば,可以的話、可能的話,hiragana,519,left,38,できれば
ですから,ですから,ですから,所以,hiragana,519,left,39,ですから
どういたしまして,どう致しまして,どういたしまして,不客氣,kanji,519,left,40,どう致しまして
どころ,どころ,どころ,前接動詞連用形、值得,hiragana,519,right,42,どころ
なお,なお,なお,尚且、而且、再者,hiragana,519,right,46,なお
なにぶん,何分,なにぶん,較何分経験不足,kanji,520,left,,何分
なにも,なにも,なにも,醃-委、後面常接否定、什麼也,hiragana,520,left,04,なにも
なんて,なんて,なんて,什麼的,hiragana,520,left,50,なんて
なんでも,何でも,なんでも,什麼都、不管什麼、不管怎樣、無,kanji,520,left,,何でも
なんとか,何とか,なんとか,設法、想盡辦法、好不容易、勉強,kanji,520,left,,何とか
はあ,はあ,はあ,應答聲、是、唉、薦訝聲、蝦、言,hiragana,520,right,04,はあ
ばからしい,馬鹿らしい,ばからしい,最間的無且的、划不來、不信得,kanji,520,right,,馬鹿らしい
はきはき,はきはき,はきはき,活潑伶俐的樣子、乾脆、爽快,hiragana,520,right,05,はきはき
はじめまして,初めまして,はじめまして,初次見面,kanji,520,right,,初めまして
はやくち,早口,はやくち,早口,kanji,521,left,59,早口
ひとりごと,独り言,ひとりごと,自吉自語、的話,kanji,521,left,01,独り言
ひようげん,表現,ひようげん,言葉表現面白,kanji,521,left,62,表現
ようするに,要するに,ようするに,總而言之、總之,kanji,521,right,09,要するに
いんよう,引用,いんよう,回名言在引用才台,kanji,522,left,00,引用
えいぶん,英文,えいぶん,用英語寫的文章、英文學、英文,kanji,522,left,02,英文
おんちゅう,御中,おんちゅう,用於寫給公司、學校、機關團體等,kanji,522,left,00,御中
がいろん,概論,がいろん,概論,kanji,522,left,04,概論
さくいん,索引,さくいん,索引,kanji,522,right,08,索引
しあがる,仕上がる,しあがる,做完、完成、做成的情形,kanji,522,right,01,仕上がる
したがき,下書き,したがき,試寫、草稿、底稿、打草稿,kanji,522,right,02,下書き
したじき,下敷き,したじき,塾耶、墊板、範本、樣本,kanji,523,left,13,下敷き
しっぴつ,執筆,しっぴつ,執筆、書寫、撰稿,kanji,523,left,14,執筆
しゃせつ,社説,しゃせつ,社論,kanji,523,left,15,社説
しゅうせい,修正,しゅうせい,修改、人修正、改正,kanji,523,left,17,修正
しょせき,書籍,しょせき,書籍,kanji,523,right,20,書籍
シリーズ,シリーズ,しりいず,書籍等的、菓編、叢書、奏、影片,katakana,523,right,21,series
しりょう,資料,しりょう,資料、材料,kanji,523,right,22,資料
ずかん,図鑑,ずかん,圖鑑,kanji,523,right,23,図鑑
ぜんしゅう,全集,ぜんしゅう,全集,kanji,523,right,25,全集
ぞうさつ,増刷,ぞうさつ,加印、増印,kanji,524,left,02,増刷
たてがき,縦書き,たてがき,直寫、縱書,kanji,524,left,28,縦書き
たんぺん,短編,たんぺん,短篇、短篇小說,kanji,524,left,02,短編
はさむ,挟む,はさむ,夾住、插入,kanji,524,right,02,挟む
ひゃっかじてん,百科辞典,ひゃっかじてん,百科辞典,kanji,524,right,04,百科辞典
ひょうし,表紙,ひょうし,封面、封皮、書皮,kanji,524,right,05,表紙
ぶん,文,ぶん,革麗、文字、字體、學問和藝術,kanji,524,right,06,文
ぶんみやく,文脈,ぶんみやく,文章的脈絡、上下文的一貫性、前,kanji,525,left,39,文脈
みだし,見出し,みだし,報紙等的、標題、目錄、索引、選拔,kanji,525,left,41,見出し
みほん,見本,みほん,全樣品、貨樣、榜樣、典型,kanji,525,left,42,見本
もくじ,目次,もくじ,書籍、目録、目次、條目,kanji,525,left,43,目次
ようし,要旨,ようし,大意、要旨'要點,kanji,525,right,44,要旨
ようやく,要約,ようやく,摘要、歸納,kanji,525,right,45,要約
よこがき,横書き,よこがき,橫寫,kanji,525,right,46,横書き
