level,reading,writing,page,column,entry_no,needs_review
N3,あける,明ける,143,left,01,
N3,あっというまに,あっという間に,143,left,02,
N3,いそぎ,急ぎ,143,left,03,
N3,うつる,移る,143,left,04,
N3,おくれ,遅れ,143,left,05,
N3,ぎりぎり,ぎりぎり,143,right,00,
N3,こうはん,後半,143,right,07,
N3,しばらく,しばらく,143,right,08,
N3,しょうご,正午,143,right,09,
N3,しんや,深夜,143,right,10,
N3,ずっと,ずっと,144,left,11,
N3,せいき,世紀,144,left,12,
N3,ぜんはん,前半,144,left,13,
N3,そうちょう,早朝,144,left,14,
N3,たつ,経つ,144,left,15,
N3,ちこく,遅刻,144,left,16,
N3,てつや,徹夜,144,right,,
N3,どうじに,同時に,144,right,,
N3,とつぜん,突然,144,right,,
N3,はじまり,始まり,144,right,,
N3,はじめ,始め,144,right,,
N3,ふける,更ける,145,left,22,
N3,ぶり,振り,145,left,23,
N3,へる,経る,145,left,24,
N3,まい,毎,145,left,25,
N3,まえもって,前もって,145,left,26,
N3,まよなか,真夜中,145,left,27,
N3,やかん,夜間,145,left,28,
N3,いっさくじつ,一昨日,145,right,01,
N3,いっさくねん,一昨年,145,right,02,
N3,きゅうじつ,休日,145,right,04,
N3,げじゅん,下旬,145,right,05,
N3,げつまつ,月末,146,left,oe,
N3,さく,昨,146,left,07,
N3,さくじつ,昨日,146,left,08,
N3,さくねん,昨年,146,left,00,
N3,じつ,日,146,left,19,
N3,しゅう,週,146,left,01,
N3,しゅうまつ,週末,146,right,,
N3,じょうじゅん,上旬,146,right,,
N3,せんじつ,先日,146,right,04,
N3,ぜんじつ,前日,146,right,,
N3,ちゅうじゅん,中旬,146,right,,
N3,ねんし,年始,146,right,,
N3,ねんまつねんし,年末年始,147,left,18,
N3,へいじつ,平日,147,left,19,
N3,ほんじつ,本日,147,left,20,
N3,ほんねん,本年,147,left,21,
N3,みょう,明,147,left,22,
N3,みょうごにち,明後日,147,left,23,
N3,ようび,曜日,147,right,24,
N3,よく,翌,147,right,25,
N3,よくじつ,翌日,147,right,26,
N3,いご,以後,147,right,ot,
N3,いぜん,以前,147,right,02,
N3,げんだい,現代,147,right,03,
N3,こんご,今後,148,left,04,
N3,じご,事後,148,left,08,
N3,じぜん,事前,148,left,oe,
N3,すぎる,過ぎる,148,left,07,
N3,ぜん,前,148,left,08,
N3,ちょくご,直後,148,left,00,
N3,ちょくぜん,直前,148,right,,
N3,のち,後,148,right,04,
N3,ふる,古,148,right,,
N3,みらい,未来,148,right,,
N3,人StA,來,148,right,,reading_has_non_kana;reading_has_ocr_artifact
N3,かん,間,149,left,01,
N3,きかん,期間,149,left,03,
N3,きげん,期限,149,left,04,
N3,シーズン,season,149,left,95,
N3,しめきり,締め切り,149,left,66,
N3,ていき,定期,149,right,07,
N3,まにあわせる,間に合わせる,149,right,08,
N3,うつす,移す,150,left,01,
N3,きたく,帰宅,150,left,02,
N3,くらす,暮らす,150,left,03,
N3,けん・げん,軒,150,left,04,
N3,じょう,晴,150,left,05,
N3,すごす,過ごす,150,right,06,
N3,せいけつ,清潔,150,right,07,
N3,ひっこし,引っ越し,150,right,08,
N3,マンション,mansion,150,right,,
N3,るすばん,留守番,150,right,o,
N3,わが,我が,151,left,12,
N3,とじる,閉じる,151,left,01,
N3,ノック,knock,151,left,02,
N3,ベランダ,veranda,151,left,03,
N3,やね,屋根,151,left,04,
N3,やぶる,破る,151,left,05,
N3,ロック,lock,151,right,oe,
N3,だんぼう,暖房,151,right,01,
N3,いま,居間,151,right,02,
N3,かざり,飾り,151,right,08,
N3,きく,効く,151,right,00,
N3,キッチン,kitchen,151,right,05,
N3,しんしつ,寝室,152,left,oe,
N3,せんめんじょ,洗面所,152,left,07,
N3,ダイニング,dining,152,left,08,
N3,たな,棚,152,left,09,
N3,つまる,詰まる,152,left,10,
N3,てんじょう,天井,152,left,11,
N3,はしら,欄,152,left,12,
N3,プラインド,blind,152,right,,
N3,ふろ(ば),風呂(場),152,right,,
N3,まどり,間取り,152,right,,
N3,もうふ,毛布,152,right,,
N3,ゆか,床,152,right,,
N3,よわめる,弱める,152,right,,
N3,リビング,living,152,right,,
N3,あぶら,脂,153,left,01,
N3,うまい,うまい,153,left,02,
N3,さげる,下げる,153,left,03,
N3,さめる,冷める,153,left,04,
N3,しょくご,食後,153,left,05,
N3,しょくぜん,食前,153,right,06,
N3,すっぱい,酸っぱい,153,right,07,
N3,マナー,manner,153,right,08,
N3,メニュー,menu,153,right,00,
N3,ランチ,Iunch,153,right,00,
N3,アイスクリーム,icecream,154,left,01,
N3,あぶら,油,154,left,02,
N3,インスタント,instant,154,left,03,
N3,オレンジ,orange,154,left,95,
N3,ガム,(英)gum,154,left,06,
N3,かゆ,紗,154,right,,
N3,かわ,皮,154,right,,
N3,くさる,腐る,154,right,,
N3,ケチャップ,ketchup,154,right,,
N3,こしょう,胡椒,154,right,,
N3,さけ,酒,154,right,,
N3,しゅ,酒,155,left,13,
N3,ジュース,juice,155,left,14,
N3,しょよくりょう,食料,155,left,15,
N3,しょくりょよう,食糧,155,left,16,
N3,しんせん,新鮮,155,left,17,
N3,スープ,soup,155,left,09,
N3,ソース,sauce,155,right,20,
N3,チーズ,cheese,155,right,21,
N3,チップ,chip,155,right,22,
N3,ちゃ,茶,155,right,23,
N3,デザート,desser,155,right,24,
N3,ドレッシング,dressing,155,right,25,
N3,なま,生,156,left,27,
N3,ビール,(荷)bier,156,left,28,
N3,ファストフード,fastfood,156,left,29,
N3,べんとう,弁当,156,left,30,
N3,まぜる,混ぜる,156,left,31,
N3,マヨネーズ,mayonnaise,156,left,32,
N3,みそしる,味噌汁,156,right,,
N3,ミルク,milk,156,right,,
N3,ワイン,wine,156,right,,
N3,あげる,揚げる,156,right,,
N3,あたためる,温める,156,right,,
N3,こぼす,溢す,157,left,03,
N3,たく,炊く,157,left,04,
N3,たける,炊ける,157,left,05,
N3,つよめる,強める,157,left,06,
N3,てい,低,157,left,07,
N3,にえる,煮える,157,left,08,
N3,にる,煮る,157,left,09,
N3,ひやす,冷やす,157,right,00,
N3,它<,囊<,157,right,01,reading_has_non_kana;writing_has_unexpected_chars;reading_has_ocr_artifact;writing_has_ocr_artifact
N3,むす,蒸す,157,right,12,
N3,ゆでる,茹でる,157,right,13,
N3,わく,沸く,157,right,14,
N3,わる,割る,157,right,15,
N3,えり,襟,158,left,o,
N3,オーバーコート,overcoat,158,left,02,
N3,ジーンズ,jeans,158,left,03,
N3,ジャケット,jacket,158,left,94,
N3,ふく,服,158,left,05,
N3,せいふく,制服,158,right,,
N3,そで,袖,158,right,,
N3,タイプ,type,158,right,,
N3,ティーシャツ,T-shirt,158,right,,
N3,パンツ,pants,158,right,,
N3,パンプス,pumps,159,left,11,
N3,ぴったり,ぴったり,159,left,12,
N3,プラウス,blouse,159,left,13,
N3,ぼろぼろ,ぼろぼろ,159,left,14,
N3,きがえ,着替え,159,left,01,
N3,きがえる・きかえる,着替え,159,left,02,
N3,スカーフ,scarf,159,right,03,
N3,ストッキング,stocking,159,right,04,
N3,スニーカー,sneakers,159,right,05,
N3,ぞうり,草履,159,right,00,
N3,ソックス,socke,159,right,07,
N3,とおす,通す,159,right,08,
N3,バッグ,bag,160,left,11,
N3,ベルト,belt,160,right,,
N3,ヘルメット,helmet,160,right,,
N3,マフラー,muffler,160,right,,
N3,あたたまる,温まる,161,left,01,
N3,うごかす,動かす,161,left,03,
N3,かける,掛ける,161,left,04,
N3,かた,肩,161,left,05,
N3,こし,腰,161,right,oe,
N3,しり,尻,161,right,09,
N3,バランス,balance,161,right,08,
N3,ひふ,皮膚,161,right,09,
N3,ほね,骨,162,left,01,
N3,むける,剥ける,162,left,12,
N3,むね,胸,162,left,13,
N3,もむ,揉む,162,left,14,
N3,うで,腕,162,left,02,
N3,うつる,映る,162,left,,
N3,かぐ,嗅ぐ,162,right,,
N3,かみのけ,髪の毛,162,right,,
N3,くちびる,唇,162,right,,
N3,くびが,首,162,right,,
N3,した,舌,162,right,,
N3,だまる,黙る,163,left,oy,
N3,はなす,離す,163,left,10,
N3,ひたい,額,163,left,11,
N3,ひようじょう,表情,163,left,12,
N3,ほお,類,163,left,13,
N3,まつげ,まつ毛,163,left,14,
N3,まぶた,瞼,163,left,15,
N3,みかける,見掛ける,163,right,07,
N3,あくしゅ,握手,163,right,01,
N3,あしくぴ,足首,163,right,02,
N3,うめる,埋める,163,right,03,
N3,おさえる,押さえる,164,left,04,
N3,おやゆび,親指,164,left,05,
N3,かかと,踵,164,left,06,
N3,つめ,爪,164,left,00,
N3,くすりゆび,薬指,164,left,08,
N3,こゆび,小指,164,left,09,
N3,だく,抱く,164,left,,
N3,たたく,叩く,164,right,,
N3,つかむ,掴む,164,right,,
N3,つつむ,包む,164,right,,
N3,つなぐ,繋ぐ,164,right,,
N3,つまさき,爪先,164,right,,
N3,てくびが,手首,165,left,17,
N3,てのこう,手の甲,165,left,18,
N3,てのひら,手の平・掌,165,left,19,
N3,なおす,直す,165,left,20,
N3,なかゆび,中指,165,left,21,
N3,なぐる,殴る,165,right,22,
N3,ならす,鳴らす,165,right,23,
N3,にぎる,握る,165,right,24,
N3,ぬく,抜く,165,right,25,
N3,ぬらす,濡らす,165,right,26,
N3,のばす,伸ばす,165,right,27,
N3,はくしゅ,拍手,166,left,28,
N3,はずす,外す,166,left,29,
N3,はら,腹,166,left,30,
N3,ばらばら,ばらばら,166,left,31,
N3,ひざ,膝,166,left,32,
N3,ひじ,肘,166,left,03,
N3,ひとさしゆが,人差し指,166,right,,
N3,ほ・ぽ,歩,166,right,,
N3,まげる,曲げる,166,right,,
N3,もも,股・乃,166,right,,
N3,いっしょう,一生,167,left,01,
N3,いのち,命,167,left,02,
N3,うむ,産む,167,left,03,
N3,せい,性,167,left,04,
N3,せいねんがっぴ,生年月日,167,left,05,
N3,たんじょう,誕生,167,left,06,
N3,おい,老い,167,right,01,
N3,こうれい,高齢,167,right,02,
N3,しご,死後,167,right,08,
N3,しぼう,死亡,167,right,04,
N3,せいぜん,生前,167,right,08,
N3,なくなる,亡くなる,168,left,06,
N3,えいよう,栄養,168,left,01,
N3,おきる,起きる,168,left,02,
N3,おこす,起こす,168,left,03,
N3,けんこう,健康,168,left,94,
N3,しんちょう,身長,168,left,05,
N3,せいちょう,成長,168,right,,
N3,せわ,世話,168,right,,
N3,そだつ,育つ,168,right,,
N3,たいじゅう,体重,168,right,,
N3,のびる,伸びる,168,right,,
N3,はみがき,歯磨き,168,right,,
N3,はやす,生やす,169,left,12,
N3,おかしい,可笑しい,169,left,01,
N3,かゆい,痒い,169,left,02,
N3,かわく,渇く,169,left,03,
N3,ぐっすり,ぐっすり,169,left,04,
N3,けんさ,検査,169,left,05,
N3,さます,覚ます,169,left,06,
N3,さめる,覚める,169,right,07,
N3,しゃっくり,しゃっくり,169,right,08,
N3,たいりょく,体力,169,right,09,
N3,ちょうし,調子,169,right,10,
N3,つかれ,疲れ,169,right,11,
N3,どきどき,どきどき,169,right,12,
N3,ぬける,抜ける,170,left,13,
N3,ねむる,眠る,170,left,14,
N3,はったつ,発達,170,left,15,
N3,へんか,変化,170,left,16,
N3,よわまる,弱まる,170,left,17,
N3,いためる,傷める・痛める,170,left,01,
N3,ウイルス,virus,170,right,,
N3,さます,冷ます,170,right,,
N3,しゅじゅつ,手術,170,right,,
N3,しょうじょう,症状,170,right,,
N3,じょうたい,状態,170,right,,
N3,ダウン,down,170,right,,
N3,ちりょう,治療,171,left,09,
N3,なおす,治す,171,left,10,
N3,ぼう,防,171,left,11,
N3,ほうたい,包帯,171,left,12,
N3,まく,巻く,171,left,13,
N3,みる,診る,171,left,14,
N3,よぼう,予防,171,left,15,
N3,くさい,臭い,171,right,01,
N3,けつえき,血液,171,right,oz,
N3,こぼれる,零れる,171,right,03,
N3,さそう,誘う,171,right,04,
N3,なみだ,涙,171,right,05,
N3,ふくむ,含む,171,right,06,
N3,あらわす,現す,172,left,91,
N3,しょうじょ,少女,172,left,02,
N3,しょうねん,少年,172,left,03,
N3,せいじん,成人,172,left,,
N3,せいねん,青年,172,left,05,
N3,ちゅうこうねん,中高年,172,right,,
N3,ちゅうねん,中年,172,right,,
N3,としうえ,年上,172,right,,
N3,としより,年寄り,172,right,,
N3,ミス,Miss,172,right,,
N3,めうえ,目上,173,left,11,
N3,ろうじん,老人,173,left,12,
N3,わかもの,若者,173,left,13,
N3,アマチュア,amateur,173,left,01,
N3,いもうとさん,妹さん,173,left,02,
N3,おまごさん,お孫さん,173,left,03,
N3,グループ,group,173,right,08,
N3,こいびと,恋人,173,right,oe,
N3,こうはい,後募,173,right,07,
N3,こうれいしゃ,高齢者,173,right,08,
N3,こじん,個人,173,right,09,
N3,しじん,詩人,173,right,10,
N3,レしゃ,者,174,left,01,
N3,しゅ,手,174,left,12,
N3,しゅじん,主人,174,left,03,
N3,じょ,女,174,left,14,
N3,しょくにん,職人,174,left,05,
N3,しりあい,知り合い,174,left,16,
N3,スター,star,174,right,,
N3,だん,団,174,right,,
N3,だんたい,団体,174,right,,
N3,ちょう,長,174,right,,
N3,どくしん,独身,174,right,,
N3,どの,殿,174,right,,
N3,ベテラン,veteran,175,left,23,
N3,ボランティア,volunteer,175,left,24,
N3,ほんにん,本人,175,left,25,
N3,むすこさん,息子さん,175,left,26,
N3,やぬし,家主,175,left,27,
N3,ゆうじん,友人,175,left,28,
N3,ようじ,幼児,175,left,29,
N3,リーダー,leader,175,right,31,
N3,イメージ,image,175,right,01,
N3,おしゃれ,お洒落,175,right,02,
N3,かっこういい,格好いい,175,right,08,
N3,けしょう,化粧,176,left,94,
N3,そっくり,そっくり,176,left,05,
N3,にあう,似合う,176,left,oe,
N3,はで,派手,176,left,07,
N3,びじん,美人,176,left,08,
N3,あわてる,慌てる,176,left,00,
N3,いじわる,意地悪,176,right,,
N3,いたずら,悪戯,176,right,,
N3,いらいら,昔々,176,right,,
N3,おじぎ,お辞儀,176,right,,
N3,おとなしい,大人しい,176,right,,
N3,かたい,固い・硬い・堅い,177,left,08,
N3,きちんと,きちんと,177,left,09,
N3,けち,けち,177,left,11,
N3,しょうきょくてき,消極的,177,left,12,
N3,しょうじき,正直,177,left,13,
N3,せいかく,性格,177,right,14,
N3,せっきょくてき,積極的,177,right,06,
N3,たいど,態度,177,right,18,
N3,どりょく,努力,178,left,20,
N3,なやむ,悩む,178,left,21,
N3,にがて,苦手,178,left,22,
N3,のうりょく,能力,178,left,23,
N3,ばか,馬鹿,178,left,24,
N3,はっきり,はっきり,178,left,25,
N3,やるき,やる気,178,right,,
N3,ゆうしゅう,優秀,178,right,,
N3,よう,様,178,right,,
N3,らんぼう,乱暴,178,right,,
N3,あいて,相手,179,left,01,
N3,あわせる,合わせる,179,left,02,
N3,おたがい,お互い,179,left,03,
N3,カップル,couple,179,left,04,
N3,きょうつう,共通,179,left,05,
N3,きようりょく,協力,179,left,06,
N3,コミュニケーションシ,コミュニケーションシ,179,right,07,
N3,したしい,親しい,179,right,08,
N3,すれちがう,探れ違う,179,right,09,
N3,たがい,互い,179,right,10,
N3,たすける,助ける,179,right,11,
N3,ちかづける,近付ける,179,right,12,
N3,つきあう,付き合う,180,left,14,
N3,デート,date,180,left,15,
N3,であう,出会う,180,left,16,
N3,なか,仲,180,left,17,
N3,パートナー,partner,180,left,18,
N3,はなしあう,話し合う,180,left,03,
N3,みおくり,見送り,180,right,,
N3,みおくる,見送る,180,right,,
N3,みかた,味方,180,right,,
N3,いったい,一体,181,left,01,
N3,いとこ,従兄弟・従姉妹,181,left,02,
N3,だい,代,181,left,04,
N3,ちょうじょ,長女,181,left,05,
N3,ふうふ,夫婦,181,right,07,
N3,まご,孫,181,right,08,
N3,みょうじ,名字・苗字,181,right,09,
N3,めい,姪,181,right,10,
N3,もち,持ち,181,right,11,
N3,ゆらす,揺らす,182,left,12,
N3,りこん,離婚,182,right,03,
N3,うし,牛,183,left,01,
N3,うま,馬,183,left,02,
N3,かう,飼う,183,left,03,
N3,せいぶつ,生物,183,left,04,
N3,とう,頭,183,left,05,
N3,さくら,桜,184,left,01,
N3,そば,蕎麦,184,left,02,
N3,はえる,生える,184,left,03,
N3,ひようほん,標本,184,left,04,
N3,ひらく,開く,184,left,05,
N3,フルーツ,fruits,184,right,,
N3,かががくはんのう,化学反応,185,left,01,
N3,こおり,氷,185,left,02,
N3,ダイヤモンド,diamond,185,left,93,
N3,とかす,溶かす,185,left,04,
N3,はい,灰,185,left,05,
N3,リサイクル,recycle,185,right,06,
N3,エネルギー,(独)energie,185,right,01,
N3,かわる,替わる,185,right,02,
N3,けむり,煙,185,right,03,
N3,しげん,資源,185,right,04,
N3,もやす,燃やす,186,left,05,
N3,あさ,麻,186,left,01,
N3,ウール,wool,186,left,02,
N3,きれる,切れる,186,left,03,
N3,コットン,cotton,186,left,04,
N3,しつ,質,186,left,05,
N3,シルク,silk,186,right,,
N3,てっこう,鉄鋼,186,right,,
N3,ビニール,vinyI,186,right,,
N3,プラスチック,plastic,186,right,,
N3,ポリエステル,polyethylene,186,right,,
N3,めん,費,186,right,,
N3,あたる,当たる,187,left,01,
N3,いじょうきしょう,異常気象,187,left,02,
N3,いんりょく,引力,187,left,03,
N3,おんど,温度,187,left,04,
N3,くれ,暮れ,187,left,05,
N3,しっけ,湿気,187,right,oe,
N3,しつど,湿度,187,right,07,
N3,ちきゅう,地球,187,right,09,
N3,つゆ,梅雨,187,right,10,
N3,のぼる,昇る,187,right,11,
N3,ふかまる,深まる,188,left,12,
N3,まっくら,真っ暗,188,left,13,
N3,まぶしい,敗しい,188,left,14,
N3,むしあつい,蒸し暑い,188,left,15,
N3,うまる,埋まる,188,left,01,
N3,すいてき,水滴,188,right,,
N3,ちらす,散らす,188,right,,
N3,ちる,散る,188,right,,
N3,つもる,積もる,188,right,,
N3,つよまる,強まる,189,left,09,
N3,とく,溶く,189,left,10,
N3,とける,溶ける,189,left,11,
N3,ながす,流す,189,left,12,
N3,ながれる,流れる,189,left,13,
N3,なる,鳴る,189,left,14,
N3,はずれる,外れる,189,left,15,
N3,はる,張る,189,right,16,
N3,ひがい,被害,189,right,17,
N3,もえる,燃える,189,right,19,
N3,やぶれる,破れる,189,right,20,
N3,ゆれる,揺れる,189,right,21,
N3,あな,穴,190,left,01,
N3,きゅうりょう,丘陵,190,left,02,
N3,こう,浴,190,left,,
N3,こきょう,故郷,190,left,05,
N3,さか,坂,190,right,,
N3,さん,山,190,right,,
N3,しぜん,自然,190,right,,
N3,じばん,地盤,190,right,,
N3,わん,湾,190,right,,
N3,あける,空ける,191,left,01,
N3,くう,空,191,left,02,
N3,そこ,底,191,left,03,
N3,ちほう,地方,191,left,04,
N3,どこか,どこか,191,left,05,
N3,はたけ,畑,191,left,06,
N3,あたり,辺り,191,right,00,
N3,かこむ,囲む,191,right,02,
N3,かんきょう,環境,191,right,03,
N3,きこく,上帰国,191,right,04,
N3,きんじょ,近所,191,right,05,
N3,しゅう,州,192,left,07,
N3,しゅっしん,出身,192,left,08,
N3,しょ,所,192,left,o,
N3,せけん,世間,192,left,01,
N3,ちか,地下,192,left,02,
N3,ちく,地区,192,right,03,
N3,ちゅうしん,中心,192,right,,
N3,とうよう,東洋,192,right,,
N3,ところどころ,所々,192,right,,
N3,とし,都市,192,right,,
N3,ない,内,192,right,,
N3,はなれる,離れる,193,left,19,
N3,はんい,範囲,193,left,20,
N3,ひろまる,広まる,193,left,21,
N3,ひろめる,広める,193,left,22,
N3,まわり,周り,193,right,06,
N3,よのなか,世の中,193,right,27,
N3,かしょ,箇所,193,right,oz,
N3,くだる,下る,194,left,00,
N3,しょうめん,正面,194,left,05,
N3,しるし,印,194,left,00,
N3,すすむ,進む,194,left,07,
N3,すすめる,進める,194,left,08,
N3,ちかづく,近づく,194,right,,
N3,つきあたり,突き当たり,194,right,,
N3,てん,点,194,right,,
N3,とじょう,途上,194,right,,
N3,ななめ,斜め,194,right,,
N3,のぼる,上る,194,right,,
N3,はし,端,195,left,15,
N3,ふたて,二手,195,left,16,
N3,むかい,向かい,195,left,17,
N3,むき,向き,195,left,18,
N3,むく,向く,195,left,19,
N3,むける,向ける,195,left,20,
N3,もくてきち,目的地,195,right,21,
N3,よる,寄る,195,right,22,
N3,りょうがわ,両側,195,right,24,
N3,かん,館,196,left,01,
N3,くやくしょ,区役所,196,left,02,
N3,けいさつしょ,警察署,196,left,03,
N3,こうみんかん,公民館,196,left,04,
N3,しやくしょ,市役所,196,left,05,
N3,じょう,場,196,right,,
N3,しょうぼうしょ,消防署,196,right,,
N3,にゅうこくかんりきょく,入管理局,196,right,,
N3,ほけんじょ,保健所,196,right,,
N3,えん,園,196,right,,
N3,げきじょう,劇場,197,left,02,
N3,はくぶつかん,博物館,197,left,04,
N3,ふろや,風呂屋,197,left,05,
N3,ホール,hall,197,left,oe,
N3,ほいくえん,保育園,197,left,07,
N3,あつまり,集まり,197,right,01,
N3,オープン,open,197,right,02,
N3,コンビニ,コンビニ(エンスストア),197,right,09,
N3,しょうばい,商売,197,right,05,
N3,チケット,ticket,198,left,06,
N3,ちゅうもん,注文,198,left,07,
N3,バーゲンセール,bargainsale,198,left,98,
N3,ばいてん,売店,198,left,00,
N3,ばん,番,198,left,00,
N3,かい,会,198,left,01,
N3,しゃ,社,198,right,,
N3,とうさん,倒産,198,right,,
N3,ほうもん,訪問,198,right,,
N3,いき・ゆき,行き,199,left,01,
N3,おろす,下ろす・降ろす,199,left,02,
N3,かたみち,片道,199,left,03,
N3,けいゆ,経由,199,left,04,
N3,しゃ,車,199,left,05,
N3,じゅうたい,渋滞,199,right,oe,
N3,しんごう,信号,199,right,om,
N3,スピード,speed,199,right,09,
N3,そくど,速度,199,right,10,
N3,ダイヤ,diamond・diagram之略,200,left,01,
N3,たかめる,高める,200,left,12,
N3,たつ,発つ,200,left,03,
N3,ちかみち,近道,200,left,14,
N3,ていきけん,定期券,200,left,05,
N3,ていりゅうじょ,停留所,200,left,16,
N3,とおりこす,通り越す,200,right,,
N3,とおる,通る,200,right,,
N3,とっきゅう,特急,200,right,,
N3,とばす,飛ばす,200,right,,
N3,ドライブ,drive,200,right,,
N3,のせる,乗せる,200,right,,
N3,プレーキ,brake,201,left,23,
N3,めんきよ,免許,201,left,24,
N3,ラッシュ,rush,201,left,25,
N3,ロケット,rocket,201,left,27,
N3,かいさつぐち,改札口,201,left,01,
N3,かいそく,快速,201,right,02,
N3,かくえきていしゃ,各駅停車,201,right,08,
N3,きゅうこう,急行,201,right,04,
N3,こむ,込む・混む,201,right,08,
N3,こんざつ,混雑,201,right,oe,
N3,ジェットき,ジェット機,201,right,07,
N3,しんかんせん,新幹線,202,left,08,
N3,つなげる,繋げる,202,left,09,
N3,とくべつきゅうこう,特別急行,202,left,10,
N3,のぼり,上り,202,left,01,
N3,のりかえ,乗り換え,202,left,02,
N3,のりこし,乗り越し,202,left,03,
N3,ふみきり,踏切,202,right,,
N3,ホーム,platform之略,202,right,,
N3,まにあう,間に合う,202,right,,
N3,むかえ,迎え,202,right,,
N3,れっしゃ,列車,202,right,,
N3,かわる,代わる,203,left,01,
N3,つむ,積む,203,left,02,
N3,どうろ,道路,203,left,03,
N3,とおり,通り,203,left,04,
N3,パイク,bike,203,left,05,
N3,パン,van,203,left,oe,
N3,ぶつける,ぶつける,203,right,07,
N3,レンタル,rental,203,right,om,
N3,あてな,宛名,204,left,01,
N3,インターネット,internet,204,left,02,
N3,かきとめ,書留,204,left,03,
N3,こうくうびん,航空便,204,left,94,
N3,こづつみ,小包,204,left,05,
N3,そくたつ,速達,204,right,,
N3,たくはいびん,宅配便,204,right,,
N3,つうじる・つうずる,通じる,204,right,,
N3,つながる,繋がる,204,right,,
N3,とどく,届く,204,right,,
N3,ふなびん,船便,205,left,11,
N3,やりとり,やり取り,205,left,12,
N3,ゆうそう,郵送,205,left,13,
N3,ゆうびん,郵便,205,left,14,
N3,アンケート,(法)enquete,205,left,01,
N3,こうこく,広告,205,left,02,
N3,しらせ,知らせ,205,right,03,
N3,せんでん,宣伝,205,right,08,
N3,のせる,載せる,205,right,05,
N3,はやる,流行る,205,right,oe,
N3,ふきゅう,普及,205,right,07,
N3,ブログ,blog,205,right,om,
N3,ホームページ,homepage,206,left,09,
N3,よせる,寄せる,206,left,10,
N3,アナウンス,announce,206,left,09,
N3,インタビュー,interview,206,left,92,
N3,きじ,記事,206,left,03,
N3,じょうほう,情報,206,left,,
N3,スポーツちゅうけい,スポー中継,206,right,05,
N3,ちょうかん,朝刊,206,right,05,
N3,テレビばんぐみ,テレビ番組,206,right,07,
N3,ドキュメンタリー,documentary,206,right,03,
N3,マスコミ,mass communication之略,206,right,,
N3,ゆうかん,夕刊,206,right,,
N3,オリンピック,Olympics,207,left,01,
N3,きろく,記録,207,left,02,
N3,しょうひ,消費,207,left,03,
N3,スキー,ski,207,left,04,
N3,チーム,team,207,left,05,
N3,とぶ,跳ぶ,207,right,oe,
N3,トレーニング,training,207,right,07,
N3,バレエ,ballet,207,right,08,
N3,あらそう,争う,207,right,01,
N3,おうえん,応援,207,right,02,
N3,かち,勝ち,208,left,03,
N3,かんぜん,完全,208,left,05,
N3,しょう,勝,208,left,00,
N3,ける,蹴る,208,right,,
N3,たま,球,208,right,,
N3,トラック,track,208,right,,
N3,ボール,ball,208,right,,
N3,ラケット,racket,208,right,,
N3,アニメ,animation,209,left,01,
N3,かるた,carta・歌留多,209,left,02,
N3,かんこう,観光,209,left,03,
N3,クイズ,quiz,209,left,04,
N3,くじ,籤,209,left,05,
N3,ゲーム,game,209,left,oe,
N3,ドラマ,drama,209,right,07,
N3,ハイキング,hiking,209,right,oe,
N3,はく・ぱばく,泊,209,right,00,
N3,バラエティー,variety,209,right,11,
N3,ピクニック,picnic,209,right,12,
N3,かい,会,210,left,02,
N3,げいじゅつ,芸術,210,left,03,
N3,さくひん,作品,210,left,04,
N3,しゅつじょう,出場,210,right,05,
N3,デザイン,design,210,right,07,
N3,びじゅつ,美術,210,right,05,
N3,えんか,演歌,210,right,04,
N3,えんそう,演奏,210,right,,
N3,きょく,曲,211,left,04,
N3,クラシック,classic,211,left,05,
N3,ジャズ,jazz,211,left,oe,
N3,バイオリン,violin,211,left,07,
N3,ポップス,pops,211,left,08,
N3,アクション,action,211,right,01,
N3,エスエフ,science fiction,211,right,02,
N3,えんげき,演劇,211,right,08,
N3,オペラ,opera,211,right,04,
N3,かげき,歌劇,211,right,oe,
N3,コメディー,comedy,212,left,07,
N3,ストーリー,story,212,left,08,
N3,ばめん,場面,212,left,09,
N3,ぶたい,舞台,212,right,,
N3,ホラー,horror,212,right,,
N3,ミュージカル,musical,212,right,,
N3,かく,各,213,left,01,
N3,かず,数,213,left,02,
N3,きすう,奇数,213,left,03,
N3,けた,桁,213,left,04,
N3,すうじ,数字,213,left,05,
N3,せいすう,整数,213,right,06,
N3,ちょう,兆,213,right,07,
N3,ナンバー,number,213,right,09,
N3,パーセント,percent,213,right,10,
N3,びょう,秒,213,right,01,
N3,プラス,plus,214,left,12,
N3,マイナス,minus,214,left,43,
N3,あう,合う,214,left,00,
N3,イコール,equal,214,left,92,
N3,かけざん,掛け算,214,left,93,
N3,かぞえる,数える,214,right,04,
N3,けい,計,214,right,05,
N3,けいさん,計算,214,right,05,
N3,ししゃごにゅう,四捨五入,214,right,07,
N3,しょうすう,小数,214,right,08,
N3,しょうすうてん,小数点,214,right,,
N3,たしざん,足し算,215,left,10,
N3,でんたく,電卓,215,left,11,
N3,ひきざん,引き算,215,left,12,
N3,ぶんすう,分数,215,left,13,
N3,わり,割り・割,215,left,14,
N3,わりあい,割合,215,left,15,
N3,わりざん,割り算,215,right,16,
N3,あさい,浅い,215,right,01,
N3,アップ,up,215,right,oz,
N3,いちどに,一度に,215,right,03,
N3,おおく,多く,215,right,04,
N3,おく,奥,215,right,05,
N3,かさねる,重ねる,216,left,06,
N3,きょり,距離,216,left,07,
N3,きらす,切らす,216,left,08,
N3,こい,濃い,216,left,10,
N3,こう,高,216,left,01,
N3,こえる,越える・超える,216,left,02,
N3,ごと,毎,216,right,,
N3,さい,最,216,right,,
N3,さまざま,様々,216,right,,
N3,しゅるい,種類,216,right,,
N3,しょ,初,216,right,,
N3,しょうすう,少数,217,left,19,
N3,すくなくとも,少なくとも,217,left,20,
N3,すこしも,少しも,217,left,21,
N3,ぜん,全,217,left,22,
N3,センチ,centimeter,217,left,23,
N3,そう,総,217,left,24,
N3,そく,足,217,left,25,
N3,そろう,揃う,217,right,26,
N3,そろえる,揃える,217,right,27,
N3,たてなが,縦長,217,right,28,
N3,ちぢめる,縮める,217,right,30,
N3,つき,付き,218,left,31,
N3,つく,付く,218,left,32,
N3,つづき,続き,218,left,33,
N3,つづく,続く,218,left,34,
N3,とう,等,218,left,35,
N3,トン,ton,218,right,05,
N3,なかみ,中身,218,right,07,
N3,のうど,濃度,218,right,08,
N3,ばい,倍,218,right,05,
N3,はば,幅,218,right,00,
N3,ひようめん,表面,218,right,01,
N3,ひろがる,広がる,219,left,42,
N3,ひろげる,広げる,219,left,43,
N3,ひろさ,広さ,219,left,44,
N3,ふくめる,含める,219,left,46,
N3,ふそく,不足,219,left,47,
N3,ふやす,増やす,219,right,48,
N3,ぶん,分,219,right,49,
N3,へらす,減らす,219,right,51,
N3,へる,減る,219,right,52,
N3,ますます,益々,219,right,54,
N3,ミリ,(法)millimetre之略,220,left,55,
N3,めい,名,220,left,07,
N3,やや,やや,220,left,58,
N3,わずか,僅か,220,left,09,
N3,いちれつ,一列,220,right,02,
N3,おいこす,追い越す,220,right,03,
N3,くりかえす,繰り返す,220,right,04,
N3,じゅんばん,順番,220,right,05,
N3,ちゃく,着,221,left,07,
N3,つぎつぎと,次々・次々に・次々と,221,left,,
N3,トップ,top,221,left,09,
N3,ふたたび,再び,221,left,10,
N3,れつ,列,221,left,11,
N3,れんぞく,連続,221,left,12,
N3,かた,型,221,right,ot,
N3,カラー,color,221,right,02,
N3,くろ,黒,221,right,03,
N3,さんかく,三角,221,right,04,
N3,しかく,四角,221,right,95,
N3,しま,結,221,right,oe,
N3,しまがら,結柄,222,left,07,
N3,しまもよう,結模様,222,left,08,
N3,じみ,地味,222,left,09,
N3,しょく,色,222,left,10,
N3,しろ,白,222,left,01,
N3,ストライプ,strip,222,left,12,
N3,ずひょう,図表,222,right,03,
N3,ちゃいろい,茶色い,222,right,01,
N3,はいいろ,灰色,222,right,,
N3,はながら,花柄,222,right,,
N3,はなもよう,花模様,222,right,,
N3,ピンク,pink,222,right,,
N3,まじる,混じる・交じる,223,left,19,
N3,まっくろ,上真っ黒,223,left,20,
N3,まっさお,真っ青,223,left,21,
N3,まっしろ,真っ白,223,left,22,
N3,まっしろい,真っ白い,223,left,23,
N3,まる,丸,223,left,24,
N3,むじ,無地,223,right,26,
N3,心各語言,柴,223,right,27,reading_has_non_kana
N3,おしえ,教え,224,left,01,
N3,かがく,化学,224,left,94,
N3,かていか,家庭科,224,left,05,
N3,きほん,基本,224,right,,
N3,きほんてき(な),基本的(な),224,right,,
N3,きょう,教,224,right,,
N3,きょうかしょ,教科書,224,right,,
N3,こうか,効果,224,right,,
N3,こうみん,公民,225,left,11,
N3,さんすう,算数,225,left,12,
N3,しかく,資格,225,left,13,
N3,どくしょ,読書,225,left,14,
N3,ぶつり,物理,225,left,15,
N3,ほけんたいいく,保健体育,225,left,16,
N3,マスター,master,225,left,17,
N3,りか,理科,225,right,48,
N3,りゅうがく,留学,225,right,19,
N3,がくれき,学歴,225,right,01,
N3,こう,校,225,right,oz,
N3,しょうがくせい,小学生,225,right,04,
N3,しん,新,226,left,05,
N3,しんがく,進学,226,left,oe,
N3,せんもんがっこう,専門学校,226,left,08,
N3,たいがく,退学,226,left,00,
N3,だいがくいん,大学院,226,left,,
N3,たんきだいがく,短期大学,226,right,,
N3,ちゅうがく,中学,226,right,02,
N3,うつす,写す,226,right,01,
N3,かきとり,書き取り,226,right,03,
N3,かだい,課題,226,right,04,
N3,かわる,換わる,227,left,05,
N3,クラスメート,classmate,227,left,06,
N3,けっせき,欠席,227,left,07,
N3,さい,祭,227,left,08,
N3,ざいがく,在学,227,left,09,
N3,じかんめ,時間目,227,left,10,
N3,チャイム,chime,227,left,11,
N3,てんすう,点数,227,right,12,
N3,とどける,届ける,227,right,13,
N3,ねんせい,年生,227,right,44,
N3,もん,問,227,right,15,
N3,らくだい,落第,227,right,16,
N3,いわう,祝う,228,left,01,
N3,きせい,帰省,228,left,02,
N3,クリスマス,christmas,228,left,03,
N3,まつり,祭り,228,left,04,
N3,まねく,招く,228,left,05,
N3,特左款已健XL,夸玉衝-,229,left,01,reading_has_non_kana;writing_has_unexpected_chars;reading_has_ocr_artifact
N3,かん,缶,229,left,02,
N3,かんづめ,缶詰,229,left,03,
N3,こくばん,黒板,229,left,05,
N3,ゴム,(荷)gom,229,right,06,
N3,ささる,刺さる,229,right,07,
N3,しゃもじ,柱字,229,right,oe,
N3,しゅうり,修理,229,right,09,
N3,せいのう,性能,229,right,10,
N3,せいひん,製品,229,right,11,
N3,せんざい,洗剤,230,left,,
N3,タオル,towel,230,left,03,
N3,ちゅうかなべ,中華なべ,230,left,14,
N3,でんち,電池,230,left,05,
N3,テント,tent,230,left,06,
N3,なべ,鍋,230,left,07,
N3,のこぎり,銀,230,right,,
N3,はぐるま,歯車,230,right,,
N3,はた,旗,230,right,,
N3,ひも,紐,230,right,,
N3,ファスナー,fastener,230,right,,
N3,ふくろ・ぶくろ,袋,230,right,,
N3,ふた,蓋,231,left,24,
N3,ぶつ,物,231,left,25,
N3,フライバパン,frypan,231,left,27,
N3,ペンキ,(荷)pek,231,left,28,
N3,ベンチ,bench,231,left,29,
N3,ほうちょう,包丁,231,left,30,
N3,まないた,まな板,231,right,32,
N3,ライター,lighter,231,right,34,
N3,リボン,ribbon,231,right,36,
N3,レインコート,raincoat,232,left,37,
N3,ロボット,robot,232,left,08,
N3,和和,梳‧碗,232,left,39,reading_has_non_kana;writing_has_unexpected_chars
N3,アイロン,iron,232,left,01,
N3,アルバム,album,232,left,02,
N3,インキ,ink,232,left,00,
N3,インク,ink,232,right,04,
N3,エアコン,airconditioning,232,right,05,
N3,カード,card,232,right,06,
N3,カーペット,carpet,232,right,07,
N3,かぐ,家具,232,right,05,
N3,かでんせいひん,家電製品,232,right,,
N3,かなづち,金植,233,left,10,
N3,クーラー,cooler,233,left,12,
N3,さす,指す,233,left,13,
N3,じょうぎ,定規,233,left,15,
N3,すいはんき,炊飯器,233,right,07,
N3,せき,席,233,right,48,
N3,せともの,瀬戸物,233,right,09,
N3,せんたくき,洗決機,233,right,20,
N3,せんぷうき,扇風機,233,right,21,
N3,そうじき,掃除機,233,right,22,
N3,ソファー,sofa,234,left,23,
N3,たんす,たんす,234,left,24,
N3,チョーク,chalk,234,left,25,
N3,てちょう,手帳,234,left,02,
N3,でんしレンジ,電子レンジ,234,left,27,
N3,トースター,toaster,234,left,28,
N3,はさみ,灸,234,right,00,
N3,ヒーター,heater,234,right,01,
N3,びんせん,便箋,234,right,02,
N3,ぶんぼうでぐ,文房具,234,right,03,
N3,まくら,枕,234,right,04,
N3,ミシン,sewingmachine之略,234,right,05,
N3,さら,皿,235,left,01,
N3,すいとう,水筒,235,left,02,
N3,びん,瓶,235,left,03,
N3,メモリー・メモリ,memon,235,left,04,
N3,ロッカー,locker,235,left,05,
N3,CDドライブ,CD drive,235,right,01,
N3,DVDデッキ,DVD deck,235,right,02,
N3,DVDドライブ,DVD drive,235,right,03,
N3,うつる,写る,235,right,04,
N3,かいちゅうでんとう,懐中電灯,235,right,05,
N3,カセット,cassette,235,right,00,
N3,がめん,画面,236,left,07,
N3,キーボード,keyboard,236,left,08,
N3,けいこうとう,蛍光灯,236,left,09,
N3,けいたい,携帯,236,left,10,
N3,コピー,copy,236,left,,
N3,つける,点ける,236,left,12,
N3,テープ,tape,236,right,,
N3,ディスプレイ,display,236,right,,
N3,ていでん,停電,236,right,,
N3,デジタル,digital,236,right,,
N3,でんきスタンド,電気スタンド,236,right,,
N3,でんきゅう,電球,237,left,19,
N3,ハードディスク,harddisk,237,left,20,
N3,ビデオ,video,237,left,21,
N3,ファックス,fax,237,left,22,
N3,プリンター,printer,237,left,23,
N3,マウス,mouse,237,left,24,
N3,ライト,light,237,left,25,
N3,ろくが,録画,237,right,07,
N3,オフィス,offfce,238,left,01,
N3,おめにかかる,お目に掛かる,238,left,02,
N3,かたづく,片付く,238,left,03,
N3,きゅうけい,休憩,238,left,04,
N3,こうかん,交換,238,left,05,
N3,ざんぎょう,残業,238,right,05,
N3,じしん,自信,238,right,07,
N3,しつぎょう,和失業,238,right,05,
N3,じつりょく,実力,238,right,,
N3,じゅう,重,238,right,,
N3,しゅうしょく,就職,238,right,01,
N3,じゅうよう,重要,239,left,12,
N3,じょうし,上司,239,left,13,
N3,すます,済ます,239,left,14,
N3,すませる,済ませる,239,left,15,
N3,せいこう,成功,239,left,16,
N3,せきにん,責任,239,left,17,
N3,たいしょく,退職,239,right,48,
N3,だいひょう,代表,239,right,19,
N3,つうきん,通勤,239,right,20,
N3,はたらき,働き,239,right,21,
N3,ふく,副,239,right,22,
N3,へんこう,変更,239,right,23,
N3,めいし,名刺,239,right,24,
N3,めいれい,命令,240,left,25,
N3,めんせつ,面接,240,left,26,
N3,もどり,戻り,240,left,27,
N3,やくだつ,役立つ,240,left,28,
N3,やくにたてる,役に立てる,240,left,39,
N3,やめる,辞める,240,right,,
N3,ゆうり,有利,240,right,,
N3,れい,例,240,right,,
N3,れいがい,例外,240,right,,
N3,レベル,Ievel,240,right,05,
N3,わりあて,割り当て,240,right,05,
N3,アナウンサー,announcel,241,left,01,
N3,いし,医師,241,left,02,
N3,ウェーター・ウェイター,ウェーター・ウェイター,241,left,03,
N3,ウェートレス・ウェイトレ,ウェートレス・ウェイトレ,241,left,04,
N3,うんてんし,運転士,241,left,05,
N3,うんてんしゅ,運転手,241,left,06,
N3,えきいん,駅員,241,right,07,
N3,エンジニア,engineer,241,right,08,
N3,おんがくか,音楽家,241,right,oo,
N3,かいしゃいん,会社員,241,right,11,
N3,がか,画家,241,right,12,
N3,カメラマン,cameraman,242,left,14,
N3,かんごし,看護師,242,left,15,
N3,きしゃ,記者,242,left,16,
N3,ぎょう,業,242,left,18,
N3,きょういん,教員,242,left,01,
N3,きょうし,教師,242,right,00,
N3,ぎんこういん,銀行員,242,right,01,
N3,けいえい,経営,242,right,02,
N3,けいさつかん,警察官,242,right,03,
N3,けんちくか,建築家,242,right,04,
N3,さっか,作家,243,left,26,
N3,さっきょくが,作曲家,243,left,27,
N3,じえいぎよう,自営業,243,left,29,
N3,しゃしょう,車掌,243,left,30,
N3,じゅんさ,巡査,243,left,31,
N3,じょゆう,女優,243,right,32,
N3,スポーツせんしゅ,スポーツ選手,243,right,33,
N3,せいじか,政治家,243,right,34,
N3,だいく,大工,243,right,35,
N3,つうやく,通訳,243,right,38,
N3,デザイナー,de3lgner,244,left,29,
N3,のうか,農家,244,left,40,
N3,パート,parttime之略,244,left,04,
N3,はいゆう,俳優,244,left,42,
N3,パイロット,pilot,244,left,43,
N3,ピアニスト,pianist,244,left,04,
N3,ひきうける,引き受ける,244,left,05,
N3,びようし,美容師,244,right,,
N3,フライトアテンダント,flighttendant,244,right,,
N3,プロ,professional之略,244,right,,
N3,べんごし,弁護士,244,right,,
N3,ほいくし,保育士,244,right,,
N3,ミュージシャン,musician,244,right,,
N3,ゆうびんきょくいん,郵便局,245,left,52,
N3,りょうし,漁師,245,left,53,
N3,かたづけ,片付け,245,left,01,
N3,かたづける,片付ける,245,left,02,
N3,かわかす,乾かす,245,left,03,
N3,さいほう,裁疑,245,left,04,
N3,せいり,整理,245,right,05,
N3,たたむ,畳む,245,right,oe,
N3,つめる,詰める,245,right,97,
N3,ぬう,縫う,245,right,10,
N3,ふく,拭く,245,right,09,
N3,こうじ,工事,246,left,02,
N3,さん,産,246,left,03,
N3,サンプル,sample,246,left,04,
N3,しょう,商,246,left,05,
N3,しんぽ,進歩,246,left,06,
N3,せいさん,生産,246,right,07,
N3,たつ,建つ,246,right,08,
N3,のうぎょう,農業,246,right,00,
N3,まざる,交ざる,246,right,01,
N3,かいすうけん,回数券,247,left,01,
N3,かえる,代える・換える・える,247,left,02,
N3,けいやく,契約,247,left,03,
N3,じどう,自動,247,left,04,
N3,しょうひん,商品,247,left,05,
N3,セット,set,247,right,06,
N3,プランド,brand,247,right,og,
N3,プリペイドカード,prepaidCard,247,right,09,
N3,むすぶ,結ぶ,247,right,00,
N3,りょうがえ,両替,248,left,41,
N3,レシート,receipt,248,left,12,
N3,かえる,返る,248,left,01,
N3,かし,貸し,248,left,02,
N3,かしちん,貸し賃,248,left,03,
N3,かり,借り,248,right,04,
N3,きゅうりょう,給料,248,right,05,
N3,さがる,下がる,248,right,06,
N3,ししゅつ,支出,248,right,07,
N3,じょ,助,248,right,08,
N3,ただ,ただ,249,left,10,
N3,とく,得,249,left,11,
N3,ねあがり,値上がり,249,left,12,
N3,ねあげ,値上げ,249,left,13,
N3,ぶっか,物価,249,left,14,
N3,ボーナス,bonus,249,left,15,
N3,いりょうひ,衣料費,249,right,01,
N3,いりょうひ,医療費,249,right,02,
N3,おさめる,納める,249,right,00,
N3,がくひ,学費,249,right,00,
N3,がすりょうきん,ガス料金,250,left,07,
N3,くすりだい,薬代,250,left,08,
N3,こうさいひ,交際費,250,left,00,
N3,こうつうひ,交通費,250,left,10,
N3,こうねつひ,光熱費,250,left,01,
N3,じゅうきょひ,住居費,250,left,12,
N3,しゅうりだい,修理代,250,left,03,
N3,じゅぎょうりょよう,授業料,250,right,,
N3,しようりょう,使用料,250,right,,
N3,しょくじだい,食事代,250,right,,
N3,しょくひ,食費,250,right,,
N3,すいどうだい,水道代,250,right,,
N3,すいどうりょうきん,水道料金,250,right,,
N3,せいかつひ,生活費,251,left,20,
N3,ぜいきん,税金,251,left,21,
N3,そうりょう,送料,251,left,22,
N3,タクシーだい,タクシー代,251,left,23,
N3,タクシーりょうきん,タクシー料金,251,left,24,
N3,チケットだい,チケット代,251,left,25,
N3,てすうりょう,手数料,251,right,27,
N3,でんきだい,電気代,251,right,28,
N3,でんきりょうきん,電気料金,251,right,29,
N3,でんしゃだい,電車代,251,right,30,
N3,でんしゃちん,電車賃,251,right,31,
N3,でんわだい,電話代,251,right,32,
N3,にゅゆうじょうりょう,入場料,252,left,33,
N3,バスだい,バス代,252,left,34,
N3,バスりょうきん,バス料金,252,left,35,
N3,へやだい,部屋代,252,left,37,
N3,ほんだい,本代,252,left,38,
N3,やちん,家賃,252,right,,
N3,ゆうそうりょう,郵送料,252,right,,
N3,ようふくだい,洋服代,252,right,,
N3,りょう,料,252,right,,
N3,レンタルりょう,レンタル料,252,right,,
N3,あずかる,預かる,252,right,,
N3,あずける,預ける,253,left,02,
N3,かね,金,253,left,03,
N3,こぜに,小銭,253,left,04,
N3,しょうきん,賞金,253,left,05,
N3,せつやく,節約,253,right,oe,
N3,ためる,溜める,253,right,07,
N3,ちょきん,貯金,253,right,08,
N3,けんちょう,県庁,254,left,01,
N3,こく,国,254,left,92,
N3,こくさいてき,国際的,254,left,03,
N3,こくせき,国籍,254,left,04,
N3,しょう,省,254,left,05,
N3,せんきょ,選挙,254,right,,
N3,ちょう,町,254,right,,
N3,どうちょう,道店,254,right,,
N3,とちょう,都庁,254,right,,
N3,パスポート,passport,255,left,11,
N3,みんかん,民間,255,left,13,
N3,みんしゅ,民主,255,left,14,
N3,せん,戦,255,left,01,
N3,たおす,倒す,255,left,02,
N3,たま,弾,255,right,08,
N3,へいたい,兵隊,255,right,04,
N3,へいわ,平和,255,right,05,
N3,きんえん,禁煙,256,left,03,
N3,きんし,禁止,256,left,04,
N3,ころす,殺す,256,left,05,
N3,じけん,事件,256,left,,
N3,じょうけん,条件,256,left,07,
N3,しょうめい,証明,256,right,05,
N3,つかまる,捕まる,256,right,,
N3,にせ,偽,256,right,,
N3,はんにん,犯人,256,right,,
N3,プライバシー,privacy,256,right,,
N3,ルール,rule,256,right,,
N3,あきる,飽きる,257,left,01,
N3,いつのまにか,何時の間にヵ,257,left,02,
N3,いんしょう,印象,257,left,03,
N3,うむ,生む,257,left,04,
N3,うらやましい,羨ましい,257,left,05,
N3,おもい,思い,257,right,07,
N3,おもいで,思い出,257,right,08,
N3,おもいやる,思いやる,257,right,09,
N3,かまう,構う,257,right,00,
N3,かん,感,258,left,11,
N3,かんじる・かんずる,感じる・感ずる,258,left,02,
N3,かんしん,感心,258,left,13,
N3,かんどう,感動,258,left,14,
N3,きんちょう,緊張,258,left,05,
N3,くやしい,悔しい,258,left,16,
N3,こうふく,幸福,258,left,07,
N3,しあわせ,幸せ,258,right,,
N3,しゅうきょう,宗教,258,right,,
N3,すごい,凄い,258,right,,
N3,そぼく,素朴,258,right,,
N3,そんけい,尊敬,258,right,,
N3,たいくつ,退屈,259,left,23,
N3,のんびり,のんびり,259,left,24,
N3,ひみつ,秘密,259,left,25,
N3,ふしぎ,不思議,259,left,27,
N3,ふじゆう,不自由,259,left,28,
N3,へいき,平気,259,right,29,
N3,ほっと,ほっと,259,right,30,
N3,まさか,まさか,259,right,01,
N3,まんぞく,満足,259,right,32,
N3,もったいない,もったいない,259,right,34,
N3,ゆたか,豊か,260,left,35,
N3,ゆめ,夢,260,left,36,
N3,よい,良い,260,left,37,
N3,らく,楽,260,left,38,
N3,がまん,我慢,260,left,02,
N3,がまんづよい,我慢強い,260,right,,
N3,きぼう,希望,260,right,,
N3,きょうちょう,強調,260,right,,
N3,くせ,癖,260,right,,
N3,さける,避ける,260,right,,
N3,さす,刺す,260,right,,
N3,さんか,参加,261,left,09,
N3,じっこう,実行,261,left,10,
N3,じっと,じっと,261,left,11,
N3,じまん,自慢,261,left,12,
N3,しんせい,申請,261,left,14,
N3,すすめる,薦める,261,right,45,
N3,だます,騙す,261,right,07,
N3,ちょうせん,挑戦,261,right,18,
N3,つづける,続ける,261,right,09,
N3,なおす,直す,262,left,21,
N3,ふちゅうい(な),不注意(な),262,left,02,
N3,まかせる,任せる,262,left,23,
N3,まもる,守る,262,left,02,
N3,もうしこむ,申し込む,262,left,25,
N3,もくてき,目的,262,left,26,
N3,ゆうき,勇気,262,right,07,
N3,ゆずる,譲る,262,right,08,
N3,あい,愛,262,right,01,
N3,あら,粗,262,right,02,
N3,にんき,人気,262,right,03,
N3,ねっちゅう,熱中,262,right,04,
N3,ふまん,不満,263,left,05,
N3,むちゅう,夢中,263,left,oe,
N3,めいわく,迷惑,263,left,07,
N3,めんどう,面倒,263,left,08,
N3,りゅうこう,流行,263,left,09,
N3,れんあい,恋愛,263,left,10,
N3,こうふん,興奮,263,right,01,
N3,さけぶ,叫ぶ,263,right,oz,
N3,たかまる,高まる,263,right,03,
N3,たのしみ,楽しみ,263,right,04,
N3,ゆかい,愉快,263,right,08,
N3,よろこび,喜び・慶び,263,right,oe,
N3,わらい,笑い,264,left,07,
N3,かなしみ,悲しみ,264,left,00,
N3,くるしい,苦しい,264,left,02,
N3,ストレス,stress,264,left,03,
N3,たまる,溜まる,264,left,04,
N3,まけ,負け,264,left,05,
N3,わかれ,別れ,264,right,06,
N3,いかり,怒り,264,right,01,
N3,さわぎ,騒ぎ,264,right,02,
N3,ショック,shock,264,right,03,
N3,ふあん,不安,264,right,04,
N3,ぼうりょく,暴力,264,right,05,
N3,もんく,文句,265,left,oe,
N3,かんしゃ,感謝,265,left,01,
N3,こうかい,後悔,265,left,02,
N3,たすかる,助かる,265,left,03,
N3,にくらしい,憎らしい,265,left,04,
N3,はんせい,反省,265,left,95,
N3,もうしわけない,申し訳ない,265,right,07,
N3,ゆるす,許す,265,right,08,
N3,れい,礼,265,right,09,
N3,れいぎ,礼儀,265,right,00,
N3,わび,詫び,265,right,01,
N3,あいかわらず,相変わらず,266,left,01,
N3,アイディア,idea,266,left,02,
N3,あんがい,案外,266,left,03,
N3,いがい,意外,266,left,,
N3,おもいえがく,思い描く,266,left,95,
N3,おもいつく,思い付く,266,right,06,
N3,かのう,可能,266,right,07,
N3,かわる,変わる,266,right,08,
N3,かんがえ,考え,266,right,09,
N3,かんそう,感想,266,right,00,
N3,ごかい,誤解,267,left,11,
N3,そうぞう,想像,267,left,12,
N3,つい,つい,267,left,13,
N3,ていあん,提案,267,left,14,
N3,ねらい,狙い,267,left,15,
N3,まし(な),まし(な),267,left,17,
N3,まよう,迷う,267,right,48,
N3,もしかしたら,もしかしたら,267,right,19,
N3,もしかして,もしかして,267,right,20,
N3,もしかすると,もしかすると,267,right,21,
N3,よそう,予想,267,right,22,
N3,あてる,当てる,267,right,01,
N3,おもいきり,思い切り,268,left,02,
N3,おもわず,思わず,268,left,03,
N3,かくす,隠す,268,left,00,
N3,かくにん,確認,268,left,05,
N3,かくれる,隠れる,268,left,,
N3,かもしれない,かもしれない,268,left,09,
N3,きっと,きっと,268,right,05,
N3,ことわる,断る,268,right,,
N3,さくじょ,削除,268,right,,
N3,さんせい,賛成,268,right,,
N3,しゅだん,手段,268,right,,
N3,しょうりやゃく,省略,268,right,,
N3,たしか,確か,268,right,,
N3,たしかめる,確かめる,269,left,15,
N3,たてる,立てる,269,left,16,
N3,たのみ,頼み,269,left,17,
N3,チェック,check,269,left,18,
N3,ちがい,違い,269,left,19,
N3,ちょうさ,調査,269,left,20,
N3,つける,付ける・附ける・着ける,269,right,21,
N3,てきとう,適当,269,right,22,
N3,できる,できる,269,right,23,
N3,てってい,徹底,269,right,24,
N3,とうぜん,当然,269,right,25,
N3,ぬるい,温い,269,right,26,
N3,のこす,残す,270,left,27,
N3,はんたい,反対,270,left,28,
N3,ふかのう(な),不可能(な),270,left,29,
N3,かいけつ,解決,270,left,09,
N3,護(WALw<,解生,270,left,92,reading_has_non_kana;reading_has_ocr_artifact;unbalanced_parentheses
N3,かなり,かなり,270,left,03,
N3,さいこう,最高,270,right,04,
N3,さいてい,最低,270,right,05,
N3,そのうえ,その上,270,right,06,
N3,そのうち,その内,270,right,07,
N3,それぞれ,それぞれ,270,right,08,
N3,だいたい,大体,270,right,09,
N3,だいぶ,大分,271,left,10,
N3,ちゅうもく,注目,271,left,11,
N3,ついに,遂に,271,left,12,
N3,とく,特,271,left,13,
N3,とくちょう,特徴,271,left,14,
N3,なっとく,納得,271,left,15,
N3,ひじょう,非常,271,left,16,
N3,ベつ,別,271,right,17,
N3,べつベつ,別々,271,right,18,
N3,まとめ,纏め,271,right,09,
N3,まとめる,纏める,271,right,20,
N3,やはり・やっぱり,やはり・やっぱり,271,right,01,
N3,りかい,理解,271,right,22,
N3,わかれる,分かれる,271,right,23,
N3,わける,分ける,272,left,24,
N3,あたりまえ,当たり前,272,left,01,
N3,うる,得る,272,left,02,
N3,える,得る,272,left,03,
N3,かん,観,272,left,04,
N3,くふう,工夫,272,left,06,
N3,くわしい,詳しい,272,right,,
N3,けっか,結果,272,right,,
N3,せいかく,正確,272,right,,
N3,ぜったい,絶対,272,right,,
N3,ちしき,知識,272,right,,
N3,てき,的,272,right,,
N3,できごと,出来事,273,left,12,
N3,とおり,通り,273,left,13,
N3,とく,解く,273,left,14,
N3,とくい,得意,273,left,15,
N3,とける,解ける,273,left,16,
N3,ないよう,内容,273,left,17,
N3,にせる,似せる,273,right,18,
N3,はっけん,発見,273,right,09,
N3,はつめい,発明,273,right,20,
N3,ふかめる,深める,273,right,21,
N3,ほうほう,方法,273,right,22,
N3,まちがい,間違い,273,right,23,
N3,まちがう,間違う,273,right,24,
N3,まちがえる,間違える,274,left,25,
N3,ミス,miss,274,left,27,
N3,りょく,カ,274,left,28,
N3,ぎょう,行,274,left,09,
N3,ごがく,語学,274,right,03,
N3,こくご,国語,274,right,04,
N3,しめい,氏名,274,right,05,
N3,ずいひつ,随筆,274,right,06,
N3,どう,同,274,right,07,
N3,ひょうご,標語,274,right,08,
N3,ぶんたい,文体,275,left,11,
N3,へん,偏,275,left,12,
N3,めい,名,275,left,13,
N3,やくす,訳す,275,left,14,
N3,よみ,読み,275,left,15,
N3,あいず,合図,275,right,01,
N3,アドバイス,advice,275,right,02,
N3,あらわれる,現れる,275,right,05,
N3,あれっ・あれ,あれっ・あれ,276,left,oe,
N3,いってきます,行ってきます,276,left,08,
N3,いや,いや,276,left,09,
N3,うわさ,噂,276,left,10,
N3,おかえり,お帰り,276,right,02,
N3,おかえりなさい,お帰りなさい,276,right,03,
N3,おかけください,おかけください,276,right,04,
N3,おかまいなく,お構いなく,276,right,05,
N3,おげんきですか,お元気ですか,276,right,06,
N3,おさきに,お先に,276,right,07,
N3,おしゃべり,お喋り,277,left,18,
N3,おじゃまします,お邪魔します,277,left,19,
N3,おせわになりました,お世になりました,277,left,20,
N3,おまちください,お待ちください,277,left,21,
N3,おまちどおさま,お待ち遠様,277,left,22,
N3,おめでとう,おめでとう,277,left,23,
N3,おやすみ,お休み,277,right,24,
N3,おん,御,277,right,26,
N3,けいご,敬語,277,right,27,
N3,ごえんりょなく,ご遠慮なく,277,right,28,
N3,ごめんください,ごめんください,277,right,29,
N3,じつは,実は,277,right,30,
N3,しつれいします,失礼します,278,left,31,
N3,じょうだん,元談,278,left,32,
N3,すなわち,即ち,278,left,33,
N3,すみません,済みません,278,left,,
N3,ぜひ,是非,278,right,05,
N3,それで,それで,278,right,03,
N3,つたえる,伝える,278,right,,
N3,つまり,つまり,279,left,42,
N3,でんごん,伝言,279,left,44,
N3,どんなに,どんなに,279,left,45,
N3,なぜなら(ば),何故なら(ば),279,left,46,
N3,なにか,何か,279,left,47,
N3,バイバイ,bye-bye,279,right,48,
N3,ひようろん,評論,279,right,49,
N3,べつに,別に,279,right,50,
N3,まねる,真似る,279,right,52,
N3,まるで,まるで,279,right,53,
N3,メッセージ,message,279,right,54,
N3,よいしょ,よいしょ,280,left,55,
N3,ろんじる・ろんずる,論じる・論ずる,280,left,57,
N3,エッセー・エッセイ,essay,280,left,01,
N3,かん,和,280,left,92,
N3,しゅう,集,280,right,,
N3,じょう,状,280,right,,
N3,しょうせつ,小説,280,right,,
N3,しょもつ,書物,280,right,,
N3,しょるい,書類,281,left,10,
N3,だい,題,281,left,11,
N3,タイトル,title,281,left,12,
N3,だいめい,題名,281,left,13,
N3,ちょう,帳,281,left,14,
N3,データ,data,281,left,15,
N3,としょ,図書,281,right,47,
N3,パンフレット,pamphlet,281,right,18,
N3,ぴら,ぴら,281,right,19,
N3,へん,編,281,right,20,
N3,めくる,捲る,281,right,21,
N3,あくる,明くる,283,left,01,
N3,いっしゅん,一瞬,283,left,02,
N3,いったん,一旦,283,left,03,
N3,いつでも,何時でも,283,left,04,
N3,いまに,今に,283,left,05,
N3,いまにも,今にも,283,right,06,
N3,いよいよ,孔々,283,right,07,
N3,えいえん,永遠,283,right,08,
N3,えいきゅう,永久,283,right,09,
N3,おえる,終える,283,right,10,
N3,おわる,終わる,284,left,01,
N3,きしょう,起床,284,left,43,
N3,きゅう,旧,284,left,14,
N3,じき,時期,284,left,01,
N3,してい,指定,284,right,,
N3,しばる,縛る,284,right,,
N3,しゅんかん,瞬間,284,right,,
N3,しょうしょう,少々,284,right,,
N3,しょうみ,正味,284,right,,
N3,ずれる,ずれる,285,left,23,
N3,そのころ,そのころ,285,left,24,
N3,ただちに,直ちに,285,left,25,
N3,たちまち,たちまち,285,left,26,
N3,たま,偶,285,left,28,
N3,たらず,足らず,285,right,29,
N3,ちかぢか,近々,285,right,01,
N3,つぶす,潰す,285,right,32,
N3,どうじ,同時,285,right,03,
N3,とき,時,285,right,34,
N3,とたん,途端,286,left,35,
N3,ながい,永い,286,left,37,
N3,ながびく,長引く,286,left,38,
N3,はつ,発,286,left,09,
N3,ふきそく,不規則,286,right,,
N3,ぶさた,無沙汰,286,right,,
N3,ふだん,普段,286,right,03,
N3,まっさき,上真っ先,286,right,05,
N3,まもなく,間も無く,286,right,05,
N3,やがて,やがて,287,left,47,
N3,おひる,お昼,287,left,01,
N3,がんじつ,元日,287,left,03,
N3,がんたん,元旦,287,left,04,
N3,さきおととい,一昨昨日,287,left,05,
N3,しき,四季,287,right,07,
N3,しゅう,週,287,right,08,
N3,じゅう,中,287,right,09,
N3,しょじゅん,初旬,287,right,10,
N3,しんねん,新年,287,right,01,
N3,せいれき,西暦,288,left,12,
N3,せんせんげつ,先々月,288,left,13,
N3,せんせんしゅう,先々週,288,left,14,
N3,つきひ,月日,288,left,45,
N3,とうじつ,当日,288,left,16,
N3,としつき,年月,288,left,,
N3,にちじ,日時,288,right,08,
N3,にちや,日夜,288,right,00,
N3,にっちゅう,日中,288,right,01,
N3,にってい,日程,288,right,02,
N3,ねんかん,年間,288,right,03,
N3,ねんげつ,年月,289,left,24,
N3,ねんじゅう,年中,289,left,25,
N3,ねんど,年度,289,left,27,
N3,はやおき,早起き,289,left,28,
N3,はんつき,半月,289,left,29,
N3,はんにち,半日,289,left,30,
N3,ひがえり,日帰り,289,right,31,
N3,ひづけ,日付,289,right,32,
N3,ひるすぎ,昼過ぎ,289,right,34,
N3,ひるまえ,昼前,289,right,35,
N3,へいせい,平成,289,right,36,
N3,まふゆ,真冬,290,left,37,
N3,よなか,夜中,290,left,40,
N3,いこう,以降,290,left,01,
N3,いずれ,何れ,290,left,02,
N3,いつか,何時か,290,right,,
N3,いつまでも,何時までも,290,right,,
N3,いらい,以来,290,right,05,
N3,かこ,過去,290,right,05,
N3,きんだい,近代,290,right,07,
N3,げん,現,290,right,05,
N3,げんざい,現在,291,left,09,
N3,げんし,原始,291,left,10,
N3,げんじつ,現実,291,left,11,
N3,こん,今,291,left,12,
N3,こんにち,今日,291,left,13,
N3,さからう,逆らう,291,left,14,
N3,さきほど,先程,291,right,15,
N3,しょうらい,将来,291,right,16,
N3,すえ,末,291,right,07,
N3,せんご,戦後,291,right,08,
N3,ちゅうせい,中世,291,right,19,
N3,とうじ,当時,291,right,20,
N3,のちほど,後程,292,left,21,
N3,らい,来,292,left,23,
N3,いちじ,一時,292,left,01,
N3,えんちょう,延長,292,left,02,
N3,かぎり,限り,292,left,03,
N3,かぎる,限る,292,right,04,
N3,きげん,期限,292,right,,
N3,たんき,短期,292,right,,
N3,ちょうき,長期,292,right,,
N3,ていきてき,定期的,292,right,,
N3,いど,井戸,293,left,02,
N3,がいしゅつ,外出,293,left,03,
N3,かえす,帰す,293,left,04,
N3,かおく,家屋,293,left,05,
N3,くらし,暮らし,293,right,oe,
N3,じたく,自宅,293,right,07,
N3,じゅうきょ,住居,293,right,08,
N3,しゅうぜん,修繕,293,right,09,
N3,じゅうたく,住宅,293,right,10,
N3,じゅうたくち,住宅地,293,right,11,
N3,スタート,start,294,left,42,
N3,たく,宅,294,left,13,
N3,でかける,出かける,294,left,15,
N3,とりこわす,取り壊す,294,left,16,
N3,のき,軒,294,left,07,
N3,之3,別往,294,left,19,reading_has_non_kana
N3,ほうもん,訪問,294,right,,
N3,あまど,雨戸,294,right,,
N3,いしがき,石垣,294,right,02,
N3,かきね,垣根,294,right,03,
N3,かわら,瓦,294,right,04,
N3,すきま,隙間,295,left,05,
N3,すずむ,涼む,295,left,oe,
N3,へい,堀,295,left,07,
N3,ものおき,物置,295,left,08,
N3,れんが,煉瓦,295,left,09,
N3,あわ,泡,295,left,01,
N3,いた,板,295,right,02,
N3,かいてき,似適,295,right,08,
N3,かんき,換気,295,right,04,
N3,きゃくま,客間,295,right,08,
N3,きれい,綺麗・奇麗,295,right,06,
N3,ざしき,座敷,295,right,07,
N3,しく,敷く,295,right,08,
N3,しょうじ,障子,296,left,o,
N3,しょくたく,食卓,296,left,10,
N3,しょさい,書斎,296,left,11,
N3,せんめん,洗面,296,left,12,
N3,ちらかす,散らかす,296,left,13,
N3,ちらかる,散らかる,296,left,14,
N3,てあらい,手洗い,296,right,05,
N3,とこのま,床の間,296,right,05,
N3,ひっこむ,引っ込む,296,right,07,
N3,ふう,風,296,right,03,
N3,たもと,袂,296,right,,
N3,べんじょ,便所,297,left,21,
N3,またぐ,跨ぐ,297,left,22,
N3,めいめい,銘々,297,left,23,
N3,ものおと,物音,297,left,24,
N3,やぶく,破く,297,left,25,
N3,うすぐらい,薄暗い,297,left,01,
N3,かしま,貸問,297,right,02,
N3,かしや,貸家,297,right,03,
N3,かす,貸す,297,right,04,
N3,げしゅく,下宿,297,right,05,
N3,すまい,住まい,297,right,06,
N3,だんち,団地,297,right,07,
N3,おうせい,旺盛,298,left,02,
N3,おかわり,お代わり,298,left,09,
N3,きぐ,器具,298,left,09,
N3,カロリー,calorie,298,left,65,
N3,くう,食う,298,right,06,
N3,こうきゅう,高級,298,right,07,
N3,こえる,肥える,298,right,08,
N3,こんだて,献立,298,right,09,
N3,さしみ,刺身,298,right,00,
N3,さっぱり,さっぱり,299,left,11,
N3,しおからい,塩辛い,299,left,12,
N3,しつこい,しつこい,299,left,13,
N3,じょう,上,299,left,15,
N3,じょうひん,上品,299,left,16,
N3,しょくせいかつ,食生活,299,right,17,
N3,しょくよく,食欲,299,right,08,
N3,そのまま,そのまま,299,right,09,
N3,そまつ,粗末,299,right,20,
N3,ちゅうしょく,昼食,299,right,01,
N3,ちょうしょく,朝食,299,right,22,
N3,ついか,追加,300,left,03,
N3,つぐ,注ぐ,300,left,24,
N3,のこらず,残らず,300,left,25,
N3,のみかい,飲み会,300,left,26,
N3,バイキング,Viking,300,left,27,
N3,まかなう,賭う,300,left,28,
N3,よう,酔う,300,right,,
N3,よくばる,欲張る,300,right,01,
N3,あめ,錠,300,right,01,
N3,ウィスキー,whisky,300,right,02,
N3,おかず,お数・お葉,300,right,03,
N3,おやつ,おやつ,301,left,04,
N3,かし,菓子,301,left,oe,
N3,かたよる,偏る・片寄る,301,left,07,
N3,クリーム,cream,301,left,08,
N3,じさん,持参,301,left,09,
N3,しょくえん,食塩,301,right,10,
N3,しょくもつ,食物,301,right,02,
N3,しる,汁,301,right,03,
N3,ちゃ,茶,301,right,,
N3,チップ,chip,301,right,05,
N3,とうふ,豆腐,302,left,06,
N3,めし,飯,302,left,,
N3,もち,餅,302,left,01,
N3,もる,盛る,302,left,20,
N3,れいとうしょくひん,冷凍食品,302,left,02,
N3,放說釣,鱗名.焙台,302,right,01,reading_has_non_kana;writing_has_unexpected_chars
N3,いる,煎る・炒る,302,right,02,
N3,うすめる,薄める,302,right,03,
N3,かねつ,加熱,302,right,04,
N3,こがす,焦がす,302,right,05,
N3,すいじ,炊事,303,left,07,
N3,そそぐ,注ぐ,303,left,08,
N3,ちょうみりょう,調味料,303,left,09,
N3,できあがり,出来上がり,303,left,10,
N3,できあがる,出来上がる,303,left,11,
N3,ねっする,熱する,303,left,12,
N3,ひをとおす,火を通す,303,right,13,
N3,ゆげ,湯気,303,right,04,
N3,れいとう,冷凍,303,right,05,
N3,あな,穴,303,right,01,
N3,かんづめ,缶詰,303,right,02,
N3,記已,是,303,right,03,reading_has_non_kana
N3,しょっき,食器,304,left,05,
N3,ずみ,済み,304,left,06,
N3,せともの,瀬戸物,304,left,07,
N3,ひび,鯉・交,304,left,,
N3,やかん,薬缶,304,right,01,
N3,いりょうひん,衣料品,305,left,02,
N3,うつす,映す,305,left,03,
N3,おでかけ,お出掛け,305,left,94,
N3,かおり,香り,305,left,05,
N3,きじ,生地,305,right,oe,
N3,きれ,切れ,305,right,07,
N3,けがわ,毛皮,305,right,08,
N3,しみ,染み,305,right,09,
N3,つるす,吊るす,305,right,10,
N3,ドレス,dress,305,right,11,
N3,ねまき,寝間着,306,left,12,
N3,はだぎ,肌着,306,left,03,
N3,はなやか,華やか,306,left,14,
N3,ふくそう,服装,306,left,15,
N3,ふくらむ,膨らむ,306,left,06,
N3,みずぎ,水着,306,left,07,
N3,モダン,modern,306,right,08,
N3,ゆかた,浴衣,306,right,09,
N3,ゆったり,ゆったり,306,right,00,
N3,わふく,和服,306,right,01,
N3,ワンピース,one-piece,306,right,02,
N3,うらがえす,裏返す,306,right,01,
N3,うわ,上,307,left,02,
N3,エプロン,apron,307,left,03,
N3,おび,帯,307,left,04,
N3,かぶせる,被せる,307,left,05,
N3,きがえ,着替え,307,left,oe,
N3,げた,下駄,307,left,07,
N3,じかに,直に,307,right,08,
N3,たび,足袋,307,right,oy,
N3,たれさがる,垂れ下がる,307,right,10,
N3,つける,着ける,307,right,,
N3,ながそで,長袖,307,right,12,
N3,バンド,band,307,right,13,
N3,ブローチ,brooch,307,right,14,
N3,ほころびる,綻びる,308,left,15,
N3,ほどく,解く,308,left,06,
N3,けいと,毛系,308,left,00,
N3,てぬぐい,手ぬぐい,308,left,02,
N3,ぬの,布,308,left,00,
N3,ひも,細,308,left,,
N3,ようもう,羊毛,308,right,05,
N3,わた,綿,308,right,06,
N3,あびる,浴びる,309,left,01,
N3,かつぐ,担ぐ,309,left,03,
N3,きんにく,筋肉,309,left,04,
N3,こし,腰,309,left,05,
N3,こしかける,腰掛ける,309,right,oe,
N3,ころぶ,転ぶ,309,right,07,
N3,しせい,姿勢,309,right,08,
N3,しゃがむ,しゃがむ,309,right,09,
N3,しんしん,心身,309,right,00,
N3,ぜんしん,全身,310,left,12,
N3,ていれ,手入れ,310,left,14,
N3,どうさ,動作,310,left,15,
N3,とびはねる,飛び跳ねる,310,left,,
N3,にぶい,鈍い,310,left,07,
N3,はだか,裸,310,right,,
N3,みあげる,見上げる,310,right,00,
N3,もたれる,もたれる,310,right,01,
N3,もむ,揉む,310,right,02,
N3,わき,脇,311,left,23,
N3,あむ,編む,311,left,01,
N3,いき,息,311,left,02,
N3,うがい,うがい,311,left,03,
N3,うなずく,賃く,311,left,04,
N3,えがお,笑顔,311,left,05,
N3,おおう,覆う,311,right,06,
N3,おもなが,面長,311,right,07,
N3,くち,ロ,311,right,om,
N3,くわえる,衡える,311,right,10,
N3,けむい,煙い,311,right,11,
N3,こきゅう,呼吸,312,left,,
N3,宅訊立<,吧<,312,left,14,reading_has_non_kana;writing_has_unexpected_chars;reading_has_ocr_artifact;writing_has_ocr_artifact
N3,しらが,白髪,312,left,06,
N3,すきとおる,透き通る,312,left,07,
N3,するどい,鋭い,312,right,,
N3,そる,剃る,312,right,,
N3,ためいき,ため息,312,right,,
N3,たらす,垂らす,312,right,,
N3,ちぢれる,縮れる,312,right,,
N3,つき,付き,312,right,,
N3,つっこむ,突っ込む,313,left,24,
N3,つや,湯,313,left,25,
N3,のぞく,覗く,313,left,26,
N3,はさまる,挟まる,313,left,27,
N3,ばっちり,ばっちり,313,left,28,
N3,ひとみ,瞳,313,left,29,
N3,ほほえむ,微笑む,313,right,31,
N3,ぼんやり,ぼんやり,313,right,32,
N3,みおろす,見下ろす,313,right,34,
N3,みつめる,見詰める,313,right,35,
N3,めだつ,目立つ,314,left,36,
N3,あおぐ,扇ぐ,314,left,01,
N3,あしあと,足跡,314,left,02,
N3,あしもと,足元,314,left,03,
N3,あしをはこぶ,足を運ぶ,314,left,04,
N3,きよう,器用,314,left,05,
N3,くむ,波む,314,right,05,
N3,こぐで,汗ぐ,314,right,08,
N3,こする,擦る,314,right,09,
N3,しびれる,痺れる,314,right,,
N3,しぼる,絞る,314,right,01,
N3,しまう,仕舞う,315,left,12,
N3,すっと,すっと,315,left,13,
N3,たちどまる,立ち止まる,315,left,14,
N3,ちぎる,ちぎる,315,left,15,
N3,のろのろ,のろのろ,315,left,17,
N3,はがす,剥がす,315,right,08,
N3,ふさがる,塞がる,315,right,20,
N3,ふし,節,315,right,21,
N3,ぶつ,打つ,315,right,22,
N3,ぶらさげる,ぶら下げる,315,right,23,
N3,ふれる,触れる,316,left,25,
N3,もちあげる,持ち上げる,316,right,07,
N3,ゆっくり,ゆっくり,316,right,03,
N3,いでん,遺伝,317,left,01,
N3,いでんし,遺伝子,317,left,02,
N3,うまれ,生まれ,317,left,03,
N3,さん,産,317,left,04,
N3,じんめい,人命,317,left,05,
N3,せい,生,317,right,06,
N3,せいめい,生命,317,right,07,
N3,いたい,遺体,317,right,01,
N3,かかわる,係わる,317,right,02,
N3,じさつ,自殺,318,left,04,
N3,ししゃ,死者,318,left,05,
N3,したい,死体,318,left,00,
N3,じゅみょう,寿命,318,left,07,
N3,しわ,しわ,318,left,08,
N3,せいぞん,生存,318,right,,
N3,たつ,絶つ,318,right,,
N3,ちぢめる,縮める,318,right,01,
N3,つる,吊る,318,right,02,
N3,ふける,老ける,318,right,03,
N3,いくじ,育児,318,right,01,
N3,いけない,いけない,319,left,02,
N3,いじ,維持,319,left,03,
N3,こんなに,こんなに,319,left,04,
N3,さほう,作法,319,left,05,
N3,しょうがい,障害,319,left,06,
N3,せいちょう,生長,319,left,07,
N3,そくてい,測定,319,right,og,
N3,ちぢむ,縮む,319,right,oo,
N3,のびのび(と),伸び伸び(と),319,right,10,
N3,はついく,発育,319,right,11,
N3,ひるね,昼寝,319,right,12,
N3,わかわかしい,若々しい,319,right,03,
N3,あくび,欠伸,320,left,00,
N3,あれる,荒れる,320,left,03,
N3,いしき,意識,320,left,,
N3,いじょう,異常,320,left,05,
N3,いねむり,居眠り,320,left,,
N3,うしなうぅ,失う,320,right,07,
N3,きる,切る,320,right,08,
N3,くずす,崩す,320,right,,
N3,しょうもう,消耗,320,right,00,
N3,しんたい,身体,320,right,01,
N3,すっきり,すっきり,320,right,02,
N3,たいおん,体温,321,left,13,
N3,とれる,取れる,321,left,14,
N3,はかる,計る,321,left,15,
N3,まわす,回す,321,left,17,
N3,めまい,目眩,321,left,18,
N3,よみがえる,蘇る,321,right,19,
N3,いたみ,痛み,321,right,ot,
N3,いたむ,痛む,321,right,02,
N3,うなる,唸る,321,right,03,
N3,きず,傷,321,right,04,
N3,こる,凝る,322,left,05,
N3,ずつう,頭痛,322,left,00,
N3,ていど,程度,322,left,07,
N3,むしば,虫歯,322,left,08,
N3,やけど,火傷,322,left,99,
N3,よる,因る,322,left,,
N3,がい,害,322,right,02,
N3,かぜぐすり,風邪薬,322,right,05,
N3,がち,勝ち,322,right,,
N3,かんびょう,看病,322,right,,
N3,きみ・ぎみ,気味,322,right,,
N3,くるしめる,苦しめる,323,left,07,
N3,こうかてき,効果的,323,left,08,
N3,こうりょく,効力,323,left,09,
N3,こくふく,克服,323,left,10,
N3,こっせつ,骨折,323,left,11,
N3,さしつかえ,差し支え,323,left,12,
N3,じゅうしょう,重傷,323,right,13,
N3,じゅうたい,重体,323,right,14,
N3,じゅんちょう,順調,323,right,15,
N3,しょうどく,消毒,323,right,16,
N3,せいかつしゅうかんびょう,せいかつしゅうかんびょう,323,right,17,
N3,たたかう,戦う・闘う,323,right,48,
N3,ていか,低下,324,left,01,
N3,てきせつ,適切,324,left,20,
N3,でんせん,伝染,324,left,21,
N3,びょう,病,324,left,02,
N3,やむ,病む,324,left,23,
N3,ゆけつ,輸血,324,left,24,
N3,あせ,汗,324,right,01,
N3,あふれる,溢れる,324,right,02,
N3,きゅうそく,休息,324,right,03,
N3,きゅうよう,休養,324,right,04,
N3,XU人做,啼,324,right,05,reading_has_non_kana;reading_has_ocr_artifact
N3,じゅんかん,循環,325,left,07,
N3,しょうか,消化,325,left,08,
N3,しょうべん,小便,325,left,09,
N3,しんけい,神経,325,right,10,
N3,すいみん,睡眠,325,right,11,
N3,はく,吐く,325,right,12,
N3,えんじ,園児,326,left,02,
N3,おんなのひと,女の人,326,left,03,
N3,かくう,架空,326,left,,
N3,かくじ,各自,326,left,05,
N3,かげ,影,326,right,05,
N3,かねそなえる,兼ね備える,326,right,,
N3,けはい,気配,326,right,,
N3,さいのう,才能,326,right,,
N3,じしん,自身,326,right,,
N3,じつに,実に,327,left,11,
N3,じんぶつ,人物,327,left,13,
N3,たま,玉,327,left,14,
N3,たん,短,327,left,15,
N3,にんげん,人間,327,right,07,
N3,ひとめ,人目,327,right,09,
N3,ひとりひとり,ー人一人,327,right,20,
N3,みぶん,身分,327,right,21,
N3,よびかける,呼び掛ける,328,left,23,
N3,ウーマン,woman,328,left,00,
N3,おとこのひと,男の人,328,left,02,
N3,じどう,児童,328,left,03,
N3,せいしょうねん,青少年,328,left,05,
N3,せいべつ,性別,328,right,06,
N3,たいしょう,対象,328,right,07,
N3,だんし,男子,328,right,08,
N3,としした,年下,328,right,05,
N3,びようどう,平等,328,right,00,
N3,ぼうや,坊や,328,right,04,
N3,ぼっちゃん,坊ちゃん,329,left,12,
N3,めした,目下,329,left,13,
N3,おう,王,329,left,01,
N3,おうさま,王様,329,left,02,
N3,おうじ,王子,329,left,03,
N3,おうじょ,王女,329,left,04,
N3,おおや,大家,329,right,05,
N3,おてつだいさん,お手伝いさん,329,right,oe,
N3,おまえ,お前,329,right,07,
N3,ガールフレンド,girlfriend,329,right,09,
N3,がくしゃ,学者,329,right,00,
N3,かたがた,方々,330,left,01,
N3,かんじゃ,患者,330,left,12,
N3,ぎいん,議員,330,left,13,
N3,ぎし,技師,330,left,14,
N3,ぎちょう,議長,330,left,15,
N3,キャプテン,captain,330,left,16,
N3,ギャング,gang,330,left,07,
N3,きょうじゅ,教授,330,right,08,
N3,コーチ,coach,330,right,09,
N3,こうし,講師,330,right,00,
N3,こくおう,国王,330,right,01,
N3,コック,cook,330,right,02,
N3,さくしゃ,作者,330,right,03,
N3,しかい,司会,331,left,25,
N3,ジャーナリスト,journalis,331,left,26,
N3,しゅしょう,首相,331,left,27,
N3,しゅふ,主婦,331,left,28,
N3,じゅんきょうじゅ,准教授,331,left,29,
N3,じょうきゃく,乗客,331,left,30,
N3,しょうにん,商人,331,right,31,
N3,じょおう,女王,331,right,32,
N3,じょきょう,助教,331,right,33,
N3,じょしゅ,助手,331,right,34,
N3,しろうと,素人,331,right,35,
N3,しんゆう,親友,332,left,36,
N3,たいし,大使,332,left,37,
N3,ちょしゃ,著者,332,left,04,
N3,でし,弟子,332,left,41,
N3,てんのう,天皇,332,left,,
N3,はかせ,博士,332,right,,
N3,はんじ,判事,332,right,,
N3,ひっしゃ,律者,332,right,,
N3,ぶし,武士,332,right,,
N3,ふじん,婦人,332,right,,
N3,ふりょう,不良,332,right,,
N3,ボーイフレンド,boyfriend,333,left,49,
N3,ぼうさん,坊さん,333,left,50,
N3,まいご,迷子,333,left,51,
N3,ママ,mama,333,left,52,
N3,めいじん,名人,333,left,53,
N3,もの,者,333,left,54,
N3,やくしゃ,役者,333,left,55,
N3,こくみん,国民,333,right,o,
N3,じゅうみん,住民,333,right,oz,
N3,じんるい,人類,333,right,03,
N3,のうみん,農民,333,right,04,
N3,われわれ,我々,333,right,05,
N3,げひん,下品,334,left,01,
N3,さま,様,334,left,02,
N3,スタイル,style,334,left,03,
N3,すてき,素敵,334,left,04,
N3,スマート,smart,334,left,05,
N3,ちゅうにくちゅうぜい,中肉中背,334,right,07,
N3,ハンサム,handsome,334,right,08,
N3,びよう,美容,334,right,,
N3,ひん,品,334,right,00,
N3,へいぼん,平凡,334,right,01,
N3,ほっそり,ほっそり,334,right,02,
N3,ぽっちゃり,ぽっちゃり,335,left,13,
N3,みかけ,見掛け,335,left,14,
N3,みっともない,見っとも無し,335,left,15,
N3,みにくい,醒い,335,left,16,
N3,みりょく,魅力,335,left,17,
N3,あいまい,曖昧,335,left,01,
N3,あつかましい,厚かましい,335,right,02,
N3,あやしい,人怪しい,335,right,93,
N3,あわただしい,慌ただしい,335,right,04,
N3,いきいき,生き生き,335,right,05,
N3,いさましい,勇ましい,335,right,06,
N3,いちだんと,一段と,335,right,07,
N3,いばる,成張る,335,right,08,
N3,おおざっぱ,大雑把,336,left,00,
N3,おちつく,落ち着く,336,left,01,
N3,かしこい,賢い,336,left,01,
N3,かっき,活気,336,left,03,
N3,かって,勝手,336,left,04,
N3,かわいがる,可愛がる,336,right,,
N3,かわいらしい,可愛らしい,336,right,,
N3,かんげい,歓迎,336,right,,
N3,きげん,機嫌,336,right,,
N3,ぎょうぎ,行儀,336,right,,
N3,くどい,くどい,337,left,21,
N3,けってん,欠点,337,left,22,
N3,けんそん,謙怖,337,left,24,
N3,けんめい,懸命,337,left,25,
N3,ごういん,強引,337,left,26,
N3,じぶんかって,自分勝手,337,left,27,
N3,じゅんじょう,純情,337,right,29,
N3,じゅんすい,純粋,337,right,29,
N3,じょうしき,常識,337,right,00,
N3,しんちょう,慎重,337,right,31,
N3,ずうずうしい,図々しい,337,right,32,
N3,すなお,素直,338,left,,
N3,せきにんかん,責任感,338,left,,
N3,たいそう,大層,338,left,36,
N3,たのもしい,頼もしい,338,left,03,
N3,たんじゅん,単純,338,right,,
N3,たんしょ,短所,338,right,,
N3,ちょうしょよ,長所,338,right,,
N3,つよき,強気,338,right,,
N3,とくしょく,特色,338,right,,
N3,とくちょう,特長,339,left,45,
N3,なまける,怠ける,339,left,47,
N3,にごにご,にごにご,339,left,48,
N3,にっこり,にっこり,339,left,49,
N3,のんき,呑気,339,left,50,
N3,パターン,pattern,339,right,51,
N3,ふけつ,不潔,339,right,54,
N3,ふざける,巫山戯る,339,right,55,
N3,ふんいき,雰囲気,340,left,58,
N3,まごまご,まごまご,340,left,00,
N3,もともと,もともと,340,left,01,
N3,ゆうじゅうふだん,優柔不断,340,left,02,
N3,ゆうゆう,悠々,340,right,03,
N3,よう,様,340,right,04,
N3,ようき,陽気,340,right,05,
N3,ようじん,用心,340,right,05,
N3,ようち,幼稚,340,right,07,
N3,よくばり,欲張り,340,right,05,
N3,よゆう,余裕,341,left,09,
N3,らくてんてき,楽天的,341,left,70,
N3,りこしゅぎ,利己主義,341,left,71,
N3,れいせい,冷静,341,left,72,
N3,おたがいさま,お互い様,341,left,01,
N3,かんせつ,間接,341,left,02,
N3,きょうりよく,強力,341,right,03,
N3,こうさい,交際,341,right,04,
N3,こうりゅう,交流,341,right,05,
N3,さく,裂く,341,right,oe,
N3,じょうげ,上下,341,right,07,
N3,すき,隙,341,right,98,
N3,そうご,相互,342,left,00,
N3,そんざい,存在,342,left,11,
N3,そんちょう,尊重,342,left,02,
N3,たにん,他人,342,left,14,
N3,たまたま,偶々,342,right,05,
N3,たより,便り,342,right,06,
N3,たよる,頼る,342,right,07,
N3,つきあい,付き合い,342,right,08,
N3,であい,出会い,342,right,09,
N3,てき,敵,342,right,00,
N3,どういつ,同一,343,left,21,
N3,とけこむ,溶け込む,343,left,22,
N3,とも,友,343,left,23,
N3,なかなおり,仲直り,343,left,24,
N3,なかま,仲間,343,left,25,
N3,なかよし,仲良し,343,left,26,
N3,ばったり,ばったり,343,right,27,
N3,はなしあう,話し合う,343,right,28,
N3,はなしかける,話しかける,343,right,29,
N3,はなはだしい,甚だしい,343,right,30,
N3,ひっかかる,引っ掛かる,343,right,31,
N3,へだてる,隔てる,343,right,32,
N3,ぼろ,窒複,344,left,33,
N3,まさつ,摩擦,344,left,34,
N3,まちあわせる,待ち合わせる,344,left,35,
N3,みかた,味方,344,left,37,
N3,ゆうこう,友好,344,left,38,
N3,ゆうじょう,友情,344,right,09,
N3,りょう,両,344,right,00,
N3,わるくち・わるぐち,悪口,344,right,,
N3,あくま,悪魔,344,right,,
N3,おがむ,拝む,344,right,,
N3,おに,鬼,345,left,03,
N3,おばけ,お化け,345,left,04,
N3,おまいり,お参り,345,left,05,
N3,おみこし,お神奥・お御,345,left,06,
N3,かみ,神,345,left,07,
N3,かみさま,神様,345,left,08,
N3,しんこう,信仰,345,right,09,
N3,しんわ,神話,345,right,10,
N3,せい,精,345,right,11,
N3,ほとけ,仏,345,right,12,
N3,あまやかす,甘やかす,346,left,01,
N3,いっか,一家,346,left,02,
N3,か,箇,346,left,03,
N3,ぎゃくたい,虐待,346,left,,
N3,こうこう,孝行,346,right,,
N3,ささえる,支える,346,right,,
N3,しまい,姉妹,346,right,,
N3,しんせき,親戚,346,right,,
N3,しんるい,親類,346,right,,
N3,せい,姓,347,left,01,
N3,ぜんぱん,全般,347,left,12,
N3,つれ,連れ,347,left,13,
N3,どくしん,独身,347,left,14,
N3,ははおや,母親,347,left,15,
N3,おくさま,奥様,347,right,01,
N3,こんやく,婚約,347,right,oz,
N3,ともに,共に,347,right,08,
N3,にょうぼう,女房,347,right,04,
N3,はなよめ,花嫁,347,right,05,
N3,ふさい,夫妻,347,right,oe,
N3,ふじん,夫人,348,left,07,
N3,よめ,嫁,348,left,08,
N3,せんぞ,先祖,348,left,01,
N3,そせん,祖先,348,left,02,
N3,だい,代,348,left,03,
N3,ちちおや,父親,348,left,04,
N3,つとめ,務め,348,right,05,
N3,どくりつ,独立,348,right,05,
N3,はか,墓,348,right,,
N3,ふぼ,父母,348,right,,
N3,まいる,参る,348,right,,
N3,まつる,祭る,348,right,,
N3,おさない,幼い,349,left,01,
N3,しそん,子孫,349,left,02,
N3,すえっこ,示っ子,349,left,03,
N3,すがた,姿,349,left,04,
N3,てきする,適する,349,left,05,
N3,ふたご,双子,349,right,06,
N3,むけ,向け,349,right,07,
N3,いきもの,生き物,350,left,01,
N3,うお,魚,350,left,02,
N3,うさぎ,兎,350,left,03,
N3,きんぎょ,金魚,350,right,,
N3,ぜつめつ,絶滅,350,right,,
N3,ぞう,象,350,right,,
N3,ぞくする,属する,351,left,11,
N3,つばさ,翼,351,left,12,
N3,とら,虎,351,left,13,
N3,とる,捕る,351,left,14,
N3,なでる,撫でる,351,left,15,
N3,なれる,馴れる,351,left,16,
N3,にわとり,鶏,351,right,17,
N3,ねずみ,ねずみ,351,right,18,
N3,かけまわる,駆け回る,351,right,01,
N3,きば,牙,351,right,oz,
N3,しっぽ,尻尾,351,right,08,
N3,はね,羽,352,left,05,
N3,はねる,跳ねる,352,right,,
N3,孖又名,吠允名,352,right,,reading_has_non_kana
N3,いちご,苺,353,left,01,
N3,うめ,梅,353,left,02,
N3,かじつ,果実,353,left,03,
N3,じゃがいも,じゃが芋,353,left,04,
N3,すいか,西瓜,353,left,05,
N3,まめ,豆,353,right,oz,
N3,みのる,実る,353,right,00,
N3,もも,桃,353,right,00,
N3,いね,稲,354,left,01,
N3,がいろじゅ,街路村,354,left,03,
N3,こくもつ,粗物,354,left,05,
N3,こむぎ,小麦,354,left,,
N3,しなやか,しなやか,354,right,07,
N3,しばふ,芝生,354,right,03,
N3,しょくぶつ,植物,354,right,,
N3,すぎ,杉,354,right,,
N3,たいぼく,大木,354,right,,
N3,たけ,竹,354,right,,
N3,なみき,並木,355,left,13,
N3,まつ,松,355,left,14,
N3,もみじ,紅葉,355,left,15,
N3,うわる,植わる,355,left,01,
N3,えんげい,園芸,355,left,02,
N3,おんしつ,温室,355,left,03,
N3,から,殻,355,right,04,
N3,かる,刈る,355,right,05,
N3,かんさつ,観察,355,right,07,
N3,さくもつ,作物,355,right,om,
N3,しげる,茂る,355,right,00,
N3,しぼむ,鞭む・洞む,355,right,10,
N3,ちらばる,散らばる,356,left,01,
N3,なる,生る,356,left,12,
N3,におう,匂う,356,left,03,
N3,はち,鉢,356,left,,
N3,はちうえ,鉢植え,356,left,08,
N3,求<,蔚<,356,right,,reading_has_non_kana;writing_has_unexpected_chars;reading_has_ocr_artifact;writing_has_ocr_artifact
N3,みつ,蜜,356,right,,
N3,ようぶん,養分,356,right,,
N3,わかば,若葉,356,right,,
N3,えきたい,液体,357,left,01,
N3,かたまり,塊,357,left,02,
N3,かたまる,固まる,357,left,03,
N3,きたい,気体,357,left,04,
N3,きんぞく,金属,357,left,05,
N3,げすい,下水,357,right,07,
N3,こうぶつ,鉱物,357,right,om,
N3,こたい,固体,357,right,08,
N3,こな,粉,357,right,10,
N3,こんごう,混合,358,left,11,
N3,さぴ,錆,358,left,12,
N3,さんせい,酸性,358,left,13,
N3,さんそ,酸素,358,left,14,
N3,すいそ,水素,358,left,15,
N3,せいぶん,成分,358,left,16,
N3,たから,宝,358,right,,
N3,ちしつ,地質,358,right,,
N3,つち,土,358,right,,
N3,つぶ,粒,358,right,,
N3,てつ,鉄,358,right,,
N3,どう,銅,358,right,,
N3,とうめい,透明,359,left,24,
N3,どく,毒,359,left,25,
N3,はなび,花火,359,left,26,
N3,はへん,破片,359,left,27,
N3,はめる,餅める,359,left,28,
N3,ぶっしつ,物質,359,left,29,
N3,ふる,古,359,left,30,
N3,ほうせき,宝石,359,right,01,
N3,ほこり,埃,359,right,32,
N3,やくひん,薬品,359,right,34,
N3,あげる,上げる,359,right,09,
N3,オイル,oil,360,left,02,
N3,すいじょうき,水蒸気,360,left,03,
N3,すいぶん,水分,360,left,04,
N3,すいめん,水面,360,left,05,
N3,せきたん,石炭,360,left,06,
N3,せきゆ,石油,360,left,07,
N3,だんすい,断水,360,left,08,
N3,ちょくりゅう,直流,360,right,,
N3,でんりゅう,電流,360,right,,
N3,でんりょく,電力,360,right,,
N3,とうゆ,灯油,360,right,,
N3,ばくはつ,爆発,360,right,,
N3,はつでん,発電,361,left,15,
N3,ほのお,炎,361,left,17,
N3,ようがん,溶岩,361,left,18,
N3,げんりょう,原料,361,left,01,
N3,コンクリート,concrete,361,left,02,
N3,ざいもく,材木,361,right,03,
N3,ざいりょう,材料,361,right,04,
N3,セメント,cement,361,right,05,
N3,どろ,泥,361,right,oe,
N3,ビタミン,vitamin,361,right,07,
N3,もくざい,木材,361,right,oe,
N3,うちゅう,宇宙,362,left,01,
N3,おせん,汚染,362,left,02,
N3,かがやく,輝く,362,left,03,
N3,かんそく,観測,362,left,00,
N3,きあつ,気圧,362,left,,
N3,こうきあつ,高気圧,362,right,,
N3,こうせん,光線,362,right,,
N3,たいき,大気,362,right,,
N3,みかづき,三日月,363,left,01,
N3,みちる,満ちる,363,left,12,
N3,あけがた,明け方,363,left,01,
N3,あたたかい,暖かい,363,left,02,
N3,あらし,嵐,363,left,03,
N3,いきおい,勢い,363,left,04,
N3,いっそう,一層,363,right,05,
N3,おだやか,穏やか,363,right,06,
N3,おとる,劣る,363,right,07,
N3,おんだん,温暖,363,right,08,
N3,かいせい,快晴,363,right,09,
N3,かくべつ,格別,363,right,10,
N3,かみなり,雷,363,right,11,
N3,きこう,気候,364,left,03,
N3,きょうふう,強風,364,left,04,
N3,ぐずつく,愚図つく,364,left,05,
N3,くずれる,崩れる,364,left,,
N3,こごえる,凍える,364,left,07,
N3,さす,差す,364,right,,
N3,さむさ,寒さ,364,right,,
N3,さわやか,爽やか,364,right,,
N3,じき,直,364,right,,
N3,しずまる,静まる,364,right,,
N3,しずむ,沈む,365,left,23,
N3,てる,照る,365,left,24,
N3,てんこう,天候,365,left,25,
N3,にわか,にわか,365,left,27,
N3,ばいう,梅雨,365,left,28,
N3,はれ,晴れ,365,right,29,
N3,ひざし,日差し,365,right,02,
N3,ひのいり,日の入り,365,right,33,
N3,ひので,日の出,365,right,34,
N3,ふわっと,ふわっと,366,left,37,
N3,まう,舞う,366,left,38,
N3,めっきり,めっきり,366,left,39,
N3,ものすごい,物凄い,366,left,,
N3,ゆうだち,夕立,366,left,,
N3,ゆうひ,タ日,366,right,,
N3,よほう,予報,366,right,,
N3,らくらい,落雷,366,right,,
N3,あかるい,明るい,366,right,,
N3,およぼす,及ぼす,366,right,,
N3,かさい,火災,366,right,,
N3,かんそう,乾燥,367,left,04,
N3,きよい,清い,367,left,05,
N3,きり,霧,367,left,oe,
N3,くだける,砕ける,367,left,07,
N3,くもる,曇る,367,left,08,
N3,げんしょう,現象,367,left,09,
N3,さびる,錆びる,367,left,10,
N3,しめる,湿る,367,right,11,
N3,しも,霜,367,right,12,
N3,じゅうりょく,重力,367,right,13,
N3,じょうはつ,蒸発,367,right,15,
N3,せっきん,接近,367,right,16,
N3,ぞうすい,増水,368,left,07,
N3,そなえる,備える,368,left,18,
N3,てんねん,天然,368,left,09,
N3,どしゃくずれ,土砂崩れ,368,left,20,
N3,とっぷう,突風,368,left,21,
N3,なる,成る,368,left,02,
N3,にごる,濁る,368,right,,
N3,にじ,虹,368,right,,
N3,はんえい,反映,368,right,,
N3,ひとりでに,独りでに,368,right,,
N3,ふせぐ,防ぐ,368,right,,
N3,ふんか,噴火,369,left,29,
N3,ほうそく,法則,369,left,30,
N3,まんいち,万一,369,right,31,
N3,わく,湧く,369,right,32,
N3,いずみ,泉,370,left,00,
N3,いど,緯度,370,left,02,
N3,うんが,運河,370,left,03,
N3,おか,丘,370,left,,
N3,おぼれる,溺れる,370,left,05,
N3,おんせん,温泉,370,right,05,
N3,かい,貝,370,right,07,
N3,かいよう,海洋,370,right,03,
N3,かこう,火口,370,right,,
N3,かざん,火山,370,right,,
N3,きし,岸,371,left,01,
N3,きゅうせき,旧跡,371,left,12,
N3,けいど,経度,371,left,13,
N3,けわしい,険しい,371,left,14,
N3,こうち,耕地,371,left,15,
N3,こす,越す・超す,371,left,16,
N3,さばく,砂漠,371,right,07,
N3,さんりん,山林,371,right,03,
N3,じばん,地盤,371,right,,
N3,じめん,地面,371,right,20,
N3,しんりん,森林,371,right,21,
N3,すいへいせん,水平線,371,right,22,
N3,せきどう,赤道,371,right,23,
N3,たいりく,大陸,372,left,25,
N3,太言,漳,372,left,03,reading_has_non_kana
N3,たに,谷,372,left,02,
N3,たにぞこ,谷底,372,left,,
N3,たんすい,淡水,372,right,,
N3,ちへいせん,地平線,372,right,,
N3,ちめい,地名,372,right,,
N3,ちょうじょう,頂上,372,right,,
N3,ちょうてん,頂点,372,right,,
N3,つりばし,釣り橋・吊り橋,373,left,36,
N3,とう,島,373,left,37,
N3,とうげ,峠,373,left,38,
N3,とうだい,灯台,373,left,39,
N3,とびこむ,飛び込む,373,left,40,
N3,ながめ,眺め,373,left,41,
N3,ながめる,眺める,373,right,42,
N3,ながれ,流れ,373,right,43,
N3,なみ,波,373,right,44,
N3,のはら,野原,373,right,46,
N3,はら,原,373,right,47,
N3,はんとう,半島,374,left,48,
N3,ふうけい,風景,374,left,04,
N3,へいや,平野,374,left,05,
N3,ぼんち,盆地,374,left,52,
N3,みさき,岬,374,left,53,
N3,みなれる,見慣れる,374,right,01,
N3,りく,陸,374,right,,
N3,りゅういき,流域,374,right,,
N3,れっとう,列島,374,right,,
N3,あき,空き,374,right,,
N3,したまち,下町,374,right,,
N3,しんくう,真空,375,left,03,
N3,てんてん,転々,375,left,04,
N3,とうざい,東西,375,left,05,
N3,どこか,どこか,375,left,oe,
N3,とち,土地,375,left,07,
N3,なつかしい,懐かしい,375,left,08,
N3,バック,back,375,right,o,
N3,ひろば,広場,375,right,01,
N3,ほうぼう,方々,375,right,03,
N3,ほうめん,方面,375,right,14,
N3,まちかど,街角,376,left,15,
N3,むこうがわ,向こう側,376,left,07,
N3,めいしょ,名所,376,left,18,
N3,よそ,他所,376,left,09,
N3,いたる,至る,376,right,,
N3,おうべい,欧米,376,right,,
N3,おき,沖,376,right,,
N3,おくがい,屋外,376,right,,
N3,おんたい,温帯,377,left,07,
N3,がい,外,377,left,08,
N3,かいがい,海外,377,left,09,
N3,かくじゅう,拡充,377,left,10,
N3,かくだい,拡大,377,left,11,
N3,かくち,各地,377,left,12,
N3,かくちょう,拡張,377,left,13,
N3,かしょ,箇所,377,right,14,
N3,かんとう,関東,377,right,17,
N3,きょうかい,境界,377,right,48,
N3,くうちゅう,空中,378,left,20,
N3,こっきょう,国境,378,left,22,
N3,さい,際,378,left,23,
N3,さかい,境,378,left,24,
N3,しきち,敷地,378,left,25,
N3,しゅう,州,378,right,,
N3,しゅうい,周囲,378,right,,
N3,しゅうへん,周辺,378,right,,
N3,しゅと,首都,378,right,,
N3,しゅとけん,首都圏,378,right,,
N3,じょうきょう,上京,378,right,,
N3,ちいき,地域,379,left,32,
N3,ちょうめ,丁目,379,left,34,
N3,とかい,都会,379,left,36,
N3,とくてい,特定,379,left,37,
N3,としん,都心,379,left,38,
N3,なんきよく,南極,379,right,39,
N3,なんべい,南米,379,right,40,
N3,なんぼく,南北,379,right,41,
N3,にほん,日本,379,right,42,
N3,ねったい,熱帯,379,right,43,
N3,ばんち,番地,379,right,44,
N3,ひとごみ,人込み・人混み,380,left,45,
N3,ぶぶん,部分,380,left,07,
N3,ぶんぷ,分布,380,left,48,
N3,ぶんや,分野,380,left,09,
N3,ほっきょく,北極,380,left,,
N3,みやこ,都,380,left,,
N3,ヨーロッパ,Europe,380,right,,
N3,あがる,上がる,380,right,,
N3,あと,後,380,right,,
N3,いち,位置,380,right,,
N3,かこう,下降,380,right,,
N3,かみ,上,381,left,05,
N3,ぎゃく,逆,381,left,oe,
N3,さかさ,逆さ,381,left,08,
N3,さかさま,逆様,381,left,09,
N3,さかのぼる,遡る,381,left,10,
N3,さゆう,左右,381,right,01,
N3,すいへい,水平,381,right,42,
N3,ぜんご,前後,381,right,03,
N3,せんたん,先端,381,right,14,
N3,それる,逸れる,382,left,07,
N3,たいら,平ら,382,left,18,
N3,ちてん,地点,382,left,09,
N3,ちゅうおう,中央,382,left,20,
N3,ちゅうかん,中間,382,left,21,
N3,つうか,通過,382,right,,
N3,とうちゃく,到着,382,right,,
N3,どく,退く,382,right,,
N3,どける,退ける,382,right,,
N3,はす,終,382,right,,
N3,はん,反,383,left,29,
N3,ひだりがわ,左側,383,left,30,
N3,ひっくりかえる,引っくり返,383,left,31,
N3,ふち,縁,383,left,32,
N3,ふりむく,振り向く,383,left,33,
N3,へいこう,平行,383,left,34,
N3,ほうこう,方向,383,right,36,
N3,まがりかど,曲がり角,383,right,37,
N3,みぎがわ,右側,383,right,09,
N3,むかう,向かう,383,right,40,
N3,むき,向き,384,left,04,
N3,めじるし,目印,384,left,42,
N3,もどす,戻す,384,left,04,
N3,やじるし,矢印,384,right,04,
N3,りようたん,両端,384,right,05,
N3,かいいん,会員,385,left,01,
N3,かいかん,会館,385,left,02,
N3,かかり,係・係り,385,left,03,
N3,かしだし,貸し出し,385,left,04,
N3,かんちょう,官庁,385,left,05,
N3,きぎょう,企業,385,right,97,
N3,けんがく,見学,385,right,08,
N3,けんちく,建築,385,right,09,
N3,こうそう,高層,385,right,40,
N3,こや,小屋,386,left,12,
N3,せつび,設備,386,left,03,
N3,センター,center,386,left,14,
N3,でいりぐち,出入り口,386,left,,
N3,ふんすい,噴水,386,right,,
N3,やくしょ,役所,386,right,,
N3,おとしもの,落とし物,386,right,,
N3,きょく,局,386,right,,
N3,クラブ,club,386,right,,
N3,こうしゃ,校舎,387,left,04,
N3,さかば,酒場,387,left,05,
N3,じいん,寺院,387,left,oe,
N3,してん,支店,387,left,07,
N3,しゅくはく,宿泊,387,left,08,
N3,しょてん,書店,387,left,09,
N3,しろ,城,387,left,10,
N3,すいしゃ,水車,387,right,11,
N3,万客(\,滿在,387,right,,reading_has_non_kana;unbalanced_parentheses
N3,てんぼうだい,展望台,387,right,04,
N3,とめる,泊める,387,right,16,
N3,びよういん,美容院,388,left,17,
N3,ビルディング,building,388,left,08,
N3,ボーイ,boy,388,left,09,
N3,ほり,堀,388,left,20,
N3,まちあいしつ,待合室,388,left,21,
N3,まどぐち,窓口,388,left,02,
N3,ゆうえんち,遊園地,388,right,,
N3,ようちえん,幼稚園,388,right,,
N3,りょう,寮,388,right,,
N3,ロビー,lobby,388,right,,
N3,いりょう,医療,388,right,,
N3,えいせい,衛生,389,left,02,
N3,きゅうしん,休診,389,left,03,
N3,げか,外科,389,left,04,
N3,しんさつ,診察,389,left,05,
N3,しんだん,診断,389,left,06,
N3,せいけい,整形,389,left,07,
N3,ないか,内科,389,left,08,
N3,フリー,free,389,right,oo,
N3,みまい,見舞い,389,right,40,
N3,みまう,見舞う,389,right,,
N3,いちば,市場,389,right,01,
N3,いてん,移転,389,right,02,
N3,かんばん,看板,390,left,00,
N3,きっさ,喫茶,390,left,05,
N3,きょうどう,共同,390,left,06,
N3,ぎょうれつ,行列,390,left,07,
N3,クリーニング,cleaning,390,left,98,
N3,サービス,service,390,right,,
N3,しな,品,390,right,,
N3,しまい,仕舞い,390,right,,
N3,シャッター,shutter,390,right,,
N3,しょうてん,商店,390,right,,
N3,じょうとう,上等,391,left,15,
N3,ずらり(と),ずらり(と),391,left,17,
N3,そばや,蕎麦屋,391,left,18,
N3,つとめる,努める,391,left,19,
N3,ていきゅうび,定休日,391,left,20,
N3,でむかえる,出迎える,391,right,21,
N3,とうじょう,登場,391,right,23,
N3,ひきとめる,引き止める,391,right,24,
N3,ひょうばん,評判,391,right,26,
N3,へいてん,閉店,392,left,27,
N3,みせや,店屋,392,left,28,
N3,やっきょく,薬局,392,right,,
N3,ようひんてん,洋品店,392,right,,
N3,あう,遭う,393,left,01,
N3,いどう,移動,393,left,02,
N3,うんばん,運搬,393,left,03,
N3,かそく,加速,393,left,05,
N3,かもつ,貨物,393,right,07,
N3,げしゃ,下車,393,right,om,
N3,こうつうきかん,交通機関,393,right,op,
N3,ざせき,座席,393,right,11,
N3,さまたげる,妨げる,394,left,12,
N3,じそく,時速,394,left,13,
N3,しゃりん,車輪,394,left,14,
N3,せいげん,制限,394,left,15,
N3,そくりょく,速力,394,left,16,
N3,でむかえ,出迎え,394,left,07,
N3,トンネル,tunnel,394,left,,
N3,はいたつ,配達,394,right,,
N3,はっしゃ,発車,394,right,,
N3,ハンドル,handle,394,right,,
N3,ひょうしき,標識,394,right,,
N3,びん,便,394,right,,
N3,めんきよょしょう,免許証,395,left,25,
N3,ゆそう,輸送,395,left,27,
N3,ヨット,yacht,395,left,28,
N3,おうふく,往復,395,left,01,
N3,かいさつ,改札,395,left,02,
N3,きかんしゃ,機関車,395,right,03,
N3,こうくう,航空,395,right,04,
N3,こうど,高度,395,right,05,
N3,さいしゅう,最終,395,right,oe,
N3,してつ,私鉄,395,right,07,
N3,しゅうてん,終点,395,right,08,
N3,じょうしゃ,乗車,395,right,09,
N3,じょうしゃけん,乗車券,396,left,10,
N3,しんだい,寝台,396,left,11,
N3,せき,席,396,left,12,
N3,せん,船,396,left,13,
N3,せんろ,線路,396,left,14,
N3,そうさ,操作,396,left,45,
N3,だっせん,脱線,396,right,06,
N3,ていしゃ,停車,396,right,07,
N3,てつどう,鉄道,396,right,08,
N3,とおりかかる,通りかかる,396,right,,
N3,とおりすぎる,通り過ぎる,396,right,,
N3,ひこう,飛行,396,right,,
N3,びん,便,397,left,22,
N3,ふみきり,踏切,397,left,23,
N3,ヘリコプター,helicopter,397,left,24,
N3,ボート,boat,397,left,25,
N3,まんいん,満員,397,left,26,
N3,やこう,夜行,397,left,27,
N3,ゆうらんせん,遊覧船,397,left,28,
N3,いっぽう,一方,397,right,01,
N3,おうだん,横断,397,right,oz,
N3,おうとつ,凹凸,397,right,03,
N3,おおどおり,大通り,397,right,09,
N3,カー,car,397,right,05,
N3,カープ,curve,398,left,06,
N3,かいつう,開通,398,left,07,
N3,こうさ,交差,398,left,08,
N3,こうそく,高速,398,left,09,
N3,しめす,示す,398,left,10,
N3,しゃこ,車庫,398,left,01,
N3,しゃどう,車道,398,left,12,
N3,じょうようしゃ,乗用車,398,right,03,
N3,せいび,整備,398,right,04,
N3,ちゅうしゃ,駐車,398,right,05,
N3,つうこう,通行,398,right,05,
N3,つうろ,通路,398,right,,
N3,とびだす,飛び出す,399,left,18,
N3,パンク,puncture之略,399,left,19,
N3,ひきかえす,引き返す,399,left,20,
N3,ひく,轢く,399,left,21,
N3,ひとどおり,人通り,399,left,22,
N3,へこむ,凹む,399,left,23,
N3,ほそう,舗装,399,left,24,
N3,ほどう,歩道,399,right,25,
N3,まわりみち,回り道,399,right,26,
N3,みちじゅん,道順,399,right,27,
N3,ゆるい,緩い,399,right,28,
N3,よごぎる,横切る,399,right,29,
