id,pos,verb_class,transitivity,example_ja,example_zh,note
n5_0081,verb,godan_iku_exception,intransitive,学校へ行きます。,去學校。,行く 的て形和た形是特殊變化。
n5_0082,verb,kuru,intransitive,友達が家に来ます。,朋友會來家裡。,
n5_0083,verb,godan,intransitive,午後六時に家へ帰ります。,下午六點回家。,
n5_0084,verb,ichidan,transitive,朝ご飯を食べます。,吃早餐。,
n5_0085,verb,godan,transitive,水を飲みます。,喝水。,
n5_0086,verb,ichidan,transitive,映画を見ます。,看電影。,
n5_0087,verb,godan,transitive,音楽を聞きます。,聽音樂。,
n5_0088,verb,godan,transitive,本を読みます。,讀書。,
n5_0089,verb,godan,transitive,名前を書きます。,寫名字。,
n5_0090,verb,godan,transitive,日本語を話します。,說日文。,
n5_0091,verb,godan,transitive,パンを買います。,買麵包。,
n5_0092,verb,godan,transitive,駅で友達を待ちます。,在車站等朋友。,
n5_0093,verb,godan,intransitive,駅まで歩きます。,走到車站。,
n5_0094,verb,godan,intransitive,プールで泳ぎます。,在游泳池游泳。,
n5_0095,verb,ichidan,intransitive,十一時に寝ます。,十一點睡覺。,
n5_0096,verb,ichidan,intransitive,朝七時に起きます。,早上七點起床。,
n5_0097,verb,godan,transitive,晩ご飯を作ります。,做晚餐。,
n5_0098,verb,godan,transitive,パソコンを使います。,使用電腦。,
n3_0001,noun,,,彼は子どもに深い愛情を持っています。,他對孩子有深厚的愛。,
n3_0003,noun,,,試験中は時間を意識してください。,考試時請留意時間。,
n3_0004,suru_noun,,,週末に新しい事務所へ移動します。,週末會搬到新的辦公室。,
n3_0005,noun,,,彼女の第一印象はとても明るかったです。,她給人的第一印象很開朗。,
n3_0006,suru_noun,,,台風の影響で電車が止まりました。,因為颱風的影響電車停駛了。,
n3_0008,suru_noun,,,友達の試合を大きな声で応援しました。,我大聲替朋友的比賽加油。,
n3_0009,suru_noun,,,川の汚染が大きな問題になっています。,河川污染已經成為嚴重問題。,
n3_0010,suru_noun,,,みんなで話し合って問題を解決しました。,大家一起討論後把問題解決了。,
n3_0011,suru_noun,,,作業の手順を少し改善しました。,我稍微改善了作業流程。,
n3_0012,suru_noun,,,出発前に予約内容を確認してください。,出發前請確認預約內容。,
n3_0013,noun,,,この町は自然環境を大切にしています。,這個城鎮很重視自然環境。,
n3_0015,suru_noun,,,先生に手伝ってもらったことを感謝しています。,我很感謝老師幫忙。,
n3_0016,suru_noun,,,レポートは昨日ようやく完成しました。,報告昨天終於完成了。,
n3_0017,noun,,,多くの企業が新しい技術を導入しています。,許多企業正在導入新技術。,
n3_0018,noun,,,この基準に合わせて資料を作ってください。,請依照這個基準製作資料。,
n3_0019,suru_noun,,,チーム全員が協力してイベントを準備しました。,全隊一起合作準備活動。,
n3_0020,suru_noun,,,この部屋での喫煙は禁止されています。,這個房間禁止吸菸。,
n3_0022,suru_noun,,,新しい部屋の契約を来週行います。,下週會簽新房間的契約。,
n3_0024,noun,,,薬の効果はすぐには出ませんでした。,藥效沒有馬上出現。,
n3_0027,suru_noun,,,会議で使う資料を作成しました。,我製作了會議要用的資料。,
n3_0028,suru_noun,,,来月の研修に参加する予定です。,我預計參加下個月的研習。,
n3_0029,suru_noun,,,会社は被災地の復旧を支援しています。,公司正在支援災區復原。,
n3_0030,suru_noun,,,理科の授業で簡単な実験をしました。,理科課做了簡單的實驗。,
n3_0031,na_adjective,,,この書類はとても重要です。,這份文件非常重要。,
n3_0032,noun,,,今の状況を正確に説明してください。,請正確說明現在的狀況。,
n3_0034,noun,,,申請にはこの書類が必要です。,申請需要這份文件。,
n3_0035,na_adjective,,,人手不足は深刻な問題です。,人力不足是嚴重問題。,
n3_0037,suru_noun,,,新しい計画は大きく成功しました。,新的計畫大獲成功。,
n3_0039,noun,,,会社の制度をよく理解しておきましょう。,我們先好好了解公司的制度吧。,
n3_0040,noun,,,この仕事には大きな責任があります。,這份工作有很大的責任。,
n3_0042,suru_noun,,,十年後の生活を想像してみました。,我試著想像十年後的生活。,
n3_0043,suru_noun,,,その町には古い寺がまだ存在しています。,那個城鎮裡還存在著古老的寺廟。,
n3_0044,suru_noun,,,急な変更にも落ち着いて対応しました。,我也冷靜處理了臨時變更。,
n3_0045,noun,,,彼の態度は最後まで丁寧でした。,他的態度到最後都很有禮貌。,
n3_0046,suru_noun,,,私は今月から受付を担当します。,我從這個月開始負責櫃台。,
n3_0047,suru_noun,,,事故の原因を詳しく調査しています。,正在詳細調查事故原因。,
n3_0048,suru_noun,,,毎朝一時間かけて通勤しています。,我每天早上花一小時通勤。,
n3_0049,suru_noun,,,会議で新しい方法を提案しました。,我在會議上提出了新方法。,
n3_0050,noun,,,どの程度まで準備すればいいですか。,要準備到什麼程度才好呢。,
n3_0051,noun,,,このカメラの特徴を説明します。,我來說明這台相機的特色。,
n3_0052,suru_noun,,,毎日少しずつ努力することが大切です。,每天一點一點努力很重要。,
n3_0053,noun,,,この店は若い人に人気があります。,這家店很受年輕人歡迎。,
n3_0054,suru_noun,,,研究者は新しい星を発見しました。,研究人員發現了新的星星。,
n3_0055,suru_noun,,,二つの案を比較してから決めましょう。,比較兩個方案後再決定吧。,
n3_0056,suru_noun,,,先生は私の作文を高く評価しました。,老師給我的作文很高的評價。,
n3_0057,suru_noun,,,季節によって商品の売れ方が変化します。,商品銷售情形會隨季節變化。,
n3_0058,suru_noun,,,調査の結果を上司に報告しました。,我把調查結果報告給主管。,
n3_0059,noun,,,旅行の目的は日本語を使ってみることです。,旅行的目的是試著使用日文。,
n3_0060,suru_noun,,,説明を聞いてやっと内容を理解しました。,聽完說明後我終於理解內容了。,
n3_0061,noun,,,先生の合図で全員が立ち上がりました。,聽到老師的訊號後所有人都站起來了。,
n3_0062,verb,ichidan,,途中で諦めずに最後まで続けました。,我沒有中途放棄而是堅持到最後。,
n3_0063,noun,,,台所から悪臭がして窓を開けました。,廚房傳來臭味所以我打開窗戶。,
n3_0064,noun,,,彼女は海外で働くことに憧れを持っています。,她憧憬著到海外工作。,
n3_0065,verb,godan,,旅行中は友達の犬を預かります。,旅行期間我會幫朋友照顧狗。,
n3_0066,verb,ichidan,,先生は学生に発表の機会を与えました。,老師給了學生發表的機會。,
n3_0067,verb,godan,,スープを飲むと体が温まります。,喝了湯身體就暖起來。,
n3_0068,noun,,,駅の辺りには小さな店が多いです。,車站附近有很多小店。,
n3_0069,verb,godan,,この店では珍しい商品も扱っています。,這家店也販售少見的商品。,
n3_0070,verb,godan,,この説明は私の場合にも当てはまります。,這個說明也適用於我的情況。,
n3_0071,verb,ichidan,,答えを当てた人には景品があります。,猜中答案的人會有獎品。,
n3_0072,verb,ichidan,,子どもが店の中で暴れて困りました。,小孩在店裡大鬧讓人很困擾。,
n3_0073,verb,ichidan,,コップから水が溢れています。,水正從杯子裡滿出來。,
n3_0074,verb,ichidan,,間違いを改めてもう一度提出します。,我會改正錯誤後再送出一次。,
n3_0075,determiner,,,あらゆる可能性を考えて準備しました。,我考慮了所有可能性來準備。,
n3_0076,verb,ichidan,,予定をみんなの都合に合わせました。,我配合大家的時間調整了行程。,
n3_0077,na_adjective,,,安易な判断は失敗につながります。,草率判斷會導致失敗。,
n3_0078,verb,ichidan,,難しい表現を簡単な言葉に言い換えました。,我把困難的表達改成簡單的說法。,
n3_0079,noun,,,雨の勢いが強くなってきました。,雨勢變強了。,
n3_0080,noun,,,育児と仕事の両立は簡単ではありません。,育兒和工作要兼顧並不簡單。,
n3_0081,noun,,,市民団体は市長に意見書を提出しました。,市民團體向市長提出了書面意見。,
n3_0082,verb,suru,,健康を意識して野菜を多く食べています。,我注意健康所以多吃蔬菜。,
n3_0083,suru_noun,,,今の品質を維持することが大切です。,維持現在的品質很重要。,
n3_0084,adverb,,,いずれ本当の理由が分かるでしょう。,早晚會知道真正的理由吧。,
n3_0085,noun,,,費用の一部は会社が負担します。,費用的一部分由公司負擔。,
n3_0086,noun,,,彼は一流の料理人として知られています。,他以一流廚師的身分聞名。,
n3_0087,noun,,,これは一種のトレーニングです。,這是一種訓練。,
n3_0088,noun,,,その知らせを聞いて一瞬言葉を失いました。,聽到那個消息我一瞬間說不出話。,
n3_0089,adverb,,,合図と同時に選手たちは一斉に走り出しました。,訊號一響選手們就同時跑了出去。,
n3_0090,adverb,,,一旦家に帰ってからもう一度来ます。,我先回家一趟再過來。,
n3_0091,suru_noun,,,二人の意見は完全に一致しました。,兩人的意見完全一致。,
n3_0092,na_adjective,,,一般的な会社員は朝から夕方まで働きます。,一般上班族從早上工作到傍晚。,
n3_0093,verb,suru,,会議室から別の部屋へ移動します。,我們會從會議室移動到別的房間。,
n3_0094,noun,,,授業中に居眠りをしてしまいました。,我上課時不小心打瞌睡了。,
n3_0095,suru_noun,,,交通ルールに違反してはいけません。,不可以違反交通規則。,
n3_0096,adverb,,,いよいよ明日から新しい仕事が始まります。,新工作終於從明天開始。,
n3_0097,suru_noun,,,資料を百部印刷してください。,請印一百份資料。,
n3_0098,suru_noun,,,彼は去年サッカー選手を引退しました。,他去年從足球選手身分退休了。,
n3_0099,verb,ichidan,,会社は外国からの学生を受け入れています。,公司正在接納來自國外的學生。,
n3_0100,noun,,,今年の受け持ちは三年生のクラスです。,今年負責的是三年級的班級。,
n3_0101,verb,godan,,財布を失ってとても困りました。,我弄丟錢包後非常困擾。,
n3_0102,verb,godan,,彼の説明を少し疑っています。,我有點懷疑他的說明。,
n3_0103,noun,,,午後に新しい企画の打ち合わせがあります。,下午有新企劃的會前討論。,
n3_0104,verb,godan,,彼は自分の発言をすぐに打ち消しました。,他立刻否認了自己的發言。,
n3_0105,verb,godan,,彼女は説明を聞きながら静かにうなずきました。,她一邊聽說明一邊安靜地點頭。,
n3_0106,noun,,,彼は京都生まれで大阪育ちです。,他出生在京都並在大阪長大。,
n3_0107,verb,godan,,友達を裏切るようなことはしたくありません。,我不想做出背叛朋友的事。,
n3_0108,noun,,,今月の売り上げは去年より増えました。,這個月的銷售額比去年增加了。,
n3_0109,noun,,,今日は運がよくて電車に間に合いました。,今天運氣好趕上了電車。,
n3_0110,noun,,,店では衛生に十分気をつけています。,店裡非常注意衛生。,
n3_0111,noun,,,野菜から十分な栄養を取りましょう。,我們從蔬菜攝取足夠營養吧。,
n3_0112,suru_noun,,,雨のため試合は来週に延期されました。,因為下雨比賽延期到下週。,
n3_0113,noun,,,大学で演劇を学んでいます。,我在大學學習戲劇。,
n3_0114,suru_noun,,,その団体は子どもたちを援助しています。,那個團體正在援助孩子們。,
n3_0115,suru_noun,,,首相は駅前で演説しました。,首相在車站前演說。,
n3_0116,verb,godan,,前の車を安全に追い越しました。,我安全地超過了前面的車。,
n3_0117,verb,godan,,急いで走ったので友達に追いつきました。,因為急忙奔跑所以追上了朋友。,
n3_0118,verb,ichidan,,店員は客の質問に丁寧に応じました。,店員仔細回應客人的問題。,
n3_0119,suru_noun,,,受付の人は電話に明るく応対しました。,櫃台人員開朗地應對電話。,
n3_0120,verb,ichidan,,仕事を早めに終えて帰りました。,我提早完成工作後回家。,
n3_0121,verb,godan,,雪が山全体を覆っています。,雪覆蓋了整座山。,
n3_0122,na_adjective,,,大雑把な計画では予算が足りなくなります。,粗略的計畫會讓預算不夠。,
n3_0123,noun,,,その情報はまだ公にはされていません。,那項資訊還沒有公開。,
n3_0124,verb,godan,,不足している資料をあとで補います。,我稍後會補上不足的資料。,
n3_0125,verb,godan,,来月大きなイベントを行います。,下個月會舉辦大型活動。,
n3_0126,verb,ichidan,,風で飛ばないように紙を押さえてください。,請按住紙不要讓它被風吹走。,
n3_0127,noun,,,面接の前に深くお辞儀をしました。,面試前我深深鞠了一躬。,
n3_0128,verb,godan,,少し休んだら気持ちが落ち着きました。,稍微休息後心情穩定下來了。,
n3_0129,verb,ichidan,,春になると多くの観光客がこの町を訪れます。,到了春天許多觀光客會造訪這個城鎮。,
n3_0130,noun,,,参加者は各々好きな席に座りました。,參加者各自坐在喜歡的位子上。,
n3_0131,verb,ichidan,,子どもは大きな音に怯えて泣き出しました。,孩子被巨大的聲音嚇到哭了出來。,
n3_0132,adverb,,,完成までおよそ三時間かかります。,到完成大約需要三小時。,
n3_0133,verb,godan,,その発言は多くの人に影響を及ぼしました。,那番發言對許多人造成了影響。,
n3_0134,verb,godan,,駅で荷物を下ろしてからホテルへ向かいました。,在車站卸下行李後前往飯店。,
n3_0135,suru_noun,,,政府は教育制度を改革しようとしています。,政府正試圖改革教育制度。,
n3_0136,noun,,,この券で三回まで入場できます。,用這張券最多可以入場三次。,
n3_0137,suru_noun,,,先生は文法を分かりやすく解説しました。,老師用容易理解的方式講解文法。,
n3_0138,suru_noun,,,質問にはメールで回答してください。,請用電子郵件回答問題。,
n3_0139,suru_noun,,,体調は少しずつ回復しています。,身體狀況正在逐漸恢復。,
n3_0140,suru_noun,,,長い仕事から解放されてほっとしました。,從漫長工作中解脫後鬆了一口氣。,
n3_0141,verb,ichidan,,彼女は大きな問題を一人で抱えています。,她一個人背負著很大的問題。,
n3_0142,verb,godan,,この仕事には多くの人が関わっています。,許多人參與了這份工作。,
n3_0143,noun,,,時間の限り質問に答えます。,我會在時間允許範圍內回答問題。,
n3_0144,na_adjective,,,確実な情報だけを使ってください。,請只使用確實的資訊。,
n3_0145,noun,,,台風の影響は各地に広がっています。,颱風的影響正在擴及各地。,
n3_0146,noun,,,写真を撮る角度を少し変えました。,我稍微改變了拍照的角度。,
n3_0147,verb,suru,,申し込みの前に住所を確認してください。,報名前請確認地址。,
n3_0148,noun,,,合格する確率はまだ分かりません。,合格的機率還不知道。,
n3_0149,noun,,,過去の経験から多くを学びました。,我從過去的經驗學到很多。,
n3_0150,verb,ichidan,,失敗を重ねて少しずつ上達しました。,反覆失敗後一點一點進步了。,
n3_0151,noun,,,秋には赤い果実が実ります。,秋天會結出紅色果實。,
n3_0152,verb,godan,,夏休みにアルバイトでお金を稼ぎました。,暑假時我打工賺了錢。,
n3_0153,verb,godan,,食事の栄養が偏らないようにしています。,我注意不要讓飲食營養不均衡。,
n3_0154,noun,,,市場には朝から活気があります。,市場從早上就很有活力。,
n3_0155,suru_noun,,,彼女は海外でも活躍しています。,她在海外也很活躍。,
n3_0156,noun,,,結果だけでなく過程も大切です。,不只結果過程也很重要。,
n3_0157,verb,ichidan,,彼は長年の夢を叶えました。,他實現了多年的夢想。,
n3_0158,na_adjective,,,この計画は実現可能です。,這個計畫可以實現。,
n3_0159,noun,,,父は少しだけ会社の株を持っています。,父親持有一點公司的股票。,
n3_0160,noun,,,昔は金や銀が貨幣として使われました。,以前金銀曾被當作貨幣使用。,
n3_0161,noun,,,机の上の紙くずを捨ててください。,請把桌上的紙屑丟掉。,
n3_0162,na_adjective,,,箱の中は空っぽでした。,箱子裡是空的。,
n3_0163,noun,,,仮の予定を先に決めておきましょう。,我們先決定暫定行程吧。,
n3_0164,noun,,,この布は柔らかい感覚があります。,這塊布有柔軟的觸感。,
n3_0165,noun,,,観客は静かに演奏を聞いていました。,觀眾安靜地聽著演奏。,
n3_0166,noun,,,京都には一年中多くの観光客が来ます。,京都一年到頭都有許多觀光客。,
n3_0167,suru_noun,,,子どもたちは虫の動きを観察しました。,孩子們觀察了昆蟲的動作。,
n3_0168,noun,,,若い人の政治への関心が高まっています。,年輕人對政治的關心正在提高。,
n3_0169,verb,suru,,新しい橋は今年中に完成する予定です。,新橋預計今年內完成。,
n3_0170,noun,,,映画を見た感想を聞かせてください。,請讓我聽聽你看完電影的心得。,
n3_0171,suru_noun,,,登録が完了したらメールが届きます。,註冊完成後會收到電子郵件。,
n3_0172,noun,,,建物の外観は昔のまま残っています。,建築物的外觀仍保留著以前的樣子。,
n3_0173,noun,,,外部の専門家に意見を聞きました。,我們向外部專家詢問了意見。,
n3_0174,noun,,,その学者は日本の歴史を研究しています。,那位學者正在研究日本歷史。,
n3_0175,noun,,,読書は子どもの学力を伸ばします。,閱讀能提升孩子的學力。,
n3_0176,suru_noun,,,その日のことは今でもはっきり記憶しています。,那天的事我到現在還記得很清楚。,
n3_0177,noun,,,この期間は入場料が半額になります。,這段期間入場費半價。,
n3_0178,noun,,,会社は大きな危機を乗り越えました。,公司度過了重大危機。,
n3_0179,noun,,,申し込みの期限は今週の金曜日です。,報名期限是這週五。,
n3_0180,noun,,,北海道の気候は台湾とかなり違います。,北海道的氣候和台灣相當不同。,
n3_0181,noun,,,新聞でその事件の記事を読みました。,我在報紙上讀了那起事件的報導。,
n3_0182,noun,,,転んで膝に小さな傷ができました。,跌倒後膝蓋出現了小傷口。,
n3_0183,verb,suru,,新しい映画の公開を楽しみに期待しています。,我很期待新電影上映。,
n3_0184,na_adjective,,,学生時代の経験は貴重な財産です。,學生時代的經驗是寶貴的財產。,
n3_0185,noun,,,留学が日本語を学ぶきっかけになりました。,留學成了學日文的契機。,
n3_0186,na_adjective,,,忙しい中来てもらって気の毒でした。,讓你百忙之中過來真是過意不去。,
n3_0187,noun,,,彼女は将来医者になる希望を持っています。,她懷抱著將來成為醫師的希望。,
n3_0188,noun,,,まず基本をしっかり覚えましょう。,首先把基礎好好記住吧。,
n3_0189,noun,,,ここでは朝礼に出るのが決まりです。,在這裡參加早會是規定。,
n3_0190,suru_noun,,,体は食べ物から栄養を吸収します。,身體會從食物吸收營養。,
n3_0191,na_adjective,,,町は急速に発展しています。,城鎮正在快速發展。,
n3_0192,suru_noun,,,空港では安全対策を強化しています。,機場正在強化安全措施。,
n3_0193,noun,,,二つの意見には共通する点があります。,兩個意見有共通點。,
n3_0194,noun,,,彼は高い所に強い恐怖を感じます。,他對高處感到強烈恐懼。,
n3_0195,verb,suru,,準備が終わるまで協力してください。,請協助到準備完成。,
n3_0196,suru_noun,,,撮影には店の許可が必要です。,拍攝需要店家的許可。,
n3_0197,na_adjective,,,極端な意見だけで判断しないでください。,請不要只根據極端意見判斷。,
n3_0198,na_adjective,,,気楽な服装で来てください。,請穿輕鬆的服裝來。,
n3_0199,suru_noun,,,毎日の体温をノートに記録しています。,我把每天的體溫記錄在筆記本上。,
n3_0200,suru_noun,,,発表の前はいつも緊張します。,發表前我總是會緊張。,
n3_0201,noun,,,その会社では多くの技術者が働いています。,那家公司有許多技術人員在工作。,
n3_0202,noun,,,説明だけでなく具体を示してください。,請不要只說明，也請提出具體內容。,
n3_0203,na_adjective,,,もっと具体的な計画を立てましょう。,我們來訂出更具體的計畫吧。,
n3_0204,na_adjective,,,彼の話を聞いた後、空虚な気持ちになりました。,聽完他的話後，我感到很空虛。,
n3_0205,suru_noun,,,少ない材料で作れるように工夫しました。,我下了功夫，讓它能用少量材料做出來。,
n3_0206,suru_noun,,,仕事と休みの時間をはっきり区別しています。,我把工作和休息時間清楚區分開來。,
n3_0207,i_adjective,,,一点差で負けてとても悔しかったです。,以一分之差輸掉，真的很不甘心。,
n3_0208,verb,ichidan,,スープに少し塩を加えてください。,請在湯裡加一點鹽。,
n3_0209,i_adjective,,,彼はこの町の歴史に詳しいです。,他很熟悉這個城鎮的歷史。,
n3_0210,suru_noun,,,父は小さな店を経営しています。,爸爸經營一家小店。,
n3_0211,verb,suru,,学生時代に一人暮らしを経験しました。,學生時代我經歷過一個人生活。,
n3_0212,suru_noun,,,毎日の練習を継続することが大切です。,持續每天練習很重要。,
n3_0213,suru_noun,,,会議で来月の予定を決定しました。,會議上決定了下個月的行程。,
n3_0214,noun,,,話し合いの結論はまだ出ていません。,討論還沒有得出結論。,
n3_0215,suru_noun,,,病院で血液検査を受けました。,我在醫院接受了血液檢查。,
n3_0216,suru_noun,,,駅の近くに新しいビルを建設しています。,車站附近正在建設新的大樓。,
n3_0217,noun,,,一人でできることには限界があります。,一個人能做到的事有其極限。,
n3_0218,noun,,,現在の状況を教えてください。,請告訴我現在的狀況。,
n3_0219,noun,,,理想と現実はなかなか同じになりません。,理想和現實很難完全一樣。,
n3_0220,noun,,,この現象は冬によく見られます。,這種現象在冬天很常見。,
n3_0221,verb,ichidan,,参加者は予想を大きく超えました。,參加人數大幅超過預期。,
n3_0222,noun,,,人を傷つける行為は許されません。,傷害別人的行為是不被允許的。,
n3_0223,suru_noun,,,友達とプレゼントを交換しました。,我和朋友交換了禮物。,
n3_0224,noun,,,公共の場所では静かにしましょう。,在公共場所安靜一點吧。,
n3_0225,noun,,,駅の壁に新しい広告が貼ってあります。,車站牆上貼著新的廣告。,
n3_0226,adverb,,,こうして私たちの旅は始まりました。,就這樣，我們的旅程開始了。,
n3_0227,na_adjective,,,この機械には高度な技術が使われています。,這台機器使用了高度技術。,
n3_0228,suru_noun,,,必要な本をインターネットで購入しました。,我在網路上購買了需要的書。,
n3_0229,na_adjective,,,全員に公平な機会を与えるべきです。,應該給所有人公平的機會。,
n3_0230,noun,,,次のリーダーの候補を三人選びました。,我們選出了三位下一任領導者的候選人。,
n3_0231,noun,,,申請書に国籍を書く欄があります。,申請書上有填寫國籍的欄位。,
n3_0232,verb,ichidan,,新しい方法を試みる価値があります。,有試試新方法的價值。,
n3_0233,noun,,,個人の情報は大切に扱ってください。,請謹慎處理個人資訊。,
n3_0234,verb,godan,,文化が異なると考え方も変わります。,文化不同，想法也會改變。,
n3_0235,verb,godan,,忙しかったので友達の誘いを断りました。,因為很忙，所以拒絕了朋友的邀約。,
n3_0236,verb,ichidan,,袋が破れて砂糖がこぼれました。,袋子破了，砂糖灑了出來。,
n3_0237,suru_noun,,,朝の駅は通勤客で混雑しています。,早上的車站擠滿通勤乘客。,
n3_0238,na_adjective,,,困難な問題でも一つずつ解決しましょう。,即使是困難的問題，也一個一個解決吧。,
n3_0239,adverb,,,再三注意したのに同じミスが続きました。,明明再三提醒，還是一直出現同樣的錯誤。,
n3_0240,noun,,,彼には音楽の才能があります。,他有音樂才能。,
n3_0241,suru_noun,,,その事件の裁判は来月始まります。,那起事件的審判下個月開始。,
n3_0242,noun,,,二つの町の境に古い橋があります。,兩個城鎮的邊界有一座老橋。,
n3_0243,noun,,,彼の作品は海外でも評価されています。,他的作品在海外也受到評價。,
n3_0244,noun,,,その作家の小説を全部読みました。,我讀完了那位作家的所有小說。,
n3_0245,adverb,,,早速、新しいアプリを使ってみました。,我馬上試用了新的應用程式。,
n3_0246,suru_noun,,,性別で人を差別してはいけません。,不可以因性別歧視別人。,
n3_0247,verb,ichidan,,強い風が作業を妨げました。,強風妨礙了作業。,
n3_0248,adverb,,,雨はさらに強くなりました。,雨變得更大了。,
n3_0249,noun,,,この資料を参考にしてレポートを書きました。,我參考這份資料寫了報告。,
n3_0250,suru_noun,,,私はその意見に賛成です。,我贊成那個意見。,
n3_0251,noun,,,料理に使う材料を先に買っておきます。,我會先買好做菜要用的材料。,
n3_0252,verb,ichidan,,明日までに資料を仕上げます。,我會在明天前完成資料。,
n3_0253,noun,,,この仕事には特別な資格が必要です。,這份工作需要特殊資格。,
n3_0254,suru_noun,,,強い光が目を刺激しました。,強光刺激了眼睛。,
n3_0255,suru_noun,,,先生の指示に従ってください。,請依照老師的指示。,
n3_0256,verb,godan,,交通ルールに従って運転してください。,請遵守交通規則開車。,
n3_0257,conjunction,,,今日は大雪です。従って、試合は中止します。,今天下大雪。因此，比賽取消。,
n3_0258,suru_noun,,,計画は予定どおり執行されました。,計畫依照預定執行了。,
n3_0259,noun,,,値段より商品の質を重視しています。,比起價格，我更重視商品品質。,
n3_0260,suru_noun,,,先輩が新人を丁寧に指導しています。,前輩正在仔細指導新人。,
n3_0261,adverb,,,この道ではしばしば事故が起こります。,這條路常常發生事故。,
n3_0262,noun,,,支払いはカードでもできます。,也可以用信用卡付款。,
n3_0263,suru_noun,,,事故で三人が死亡しました。,事故中有三人死亡。,
n3_0264,verb,godan,,この数字は売り上げの増加を示しています。,這個數字顯示銷售額增加。,
n3_0265,noun,,,彼は友人からの借金を少しずつ返しています。,他正在一點一點還欠朋友的錢。,
n3_0266,suru_noun,,,今年は米をたくさん収穫できました。,今年收穫了很多米。,
n3_0267,noun,,,電車の中で週刊誌を読みました。,我在電車上看了週刊雜誌。,
n3_0268,suru_noun,,,試験前は勉強に集中してください。,考試前請專心讀書。,
n3_0269,noun,,,収入が増えたので少し貯金できます。,收入增加了，所以可以存一點錢。,
n3_0270,suru_noun,,,壊れた自転車を修理しました。,我修好了壞掉的腳踏車。,
n3_0271,noun,,,目的を達成する手段を考えましょう。,我們來思考達成目的的方法吧。,
n3_0272,suru_noun,,,彼は自分の考えをはっきり主張しました。,他清楚主張了自己的想法。,
n3_0273,noun,,,彼女は台南の出身です。,她是台南出身。,
n3_0274,suru_noun,,,その本は来年出版されます。,那本書明年出版。,
n3_0275,noun,,,大雨で交通に障害が出ています。,大雨造成交通障礙。,
n3_0276,noun,,,警察は新しい証拠を見つけました。,警方找到了新的證據。,
n3_0277,noun,,,詳細はメールで送ります。,詳細內容會用電子郵件寄給你。,
n3_0278,verb,ichidan,,小さなミスから大きな問題が生じました。,小錯誤引發了大問題。,
n3_0279,suru_noun,,,この町では水の消費が増えています。,這個城鎮的用水消費正在增加。,
n3_0280,noun,,,彼は新しい職を探しています。,他正在找新的職位。,
n3_0281,noun,,,職場の雰囲気はとても明るいです。,職場氣氛非常開朗。,
n3_0282,noun,,,この植物は寒さに強いです。,這種植物很耐寒。,
n3_0283,suru_noun,,,集めたデータをすぐに処理します。,我們會立刻處理收集到的資料。,
n3_0284,suru_noun,,,技術は日々進化しています。,技術每天都在進化。,
n3_0285,na_adjective,,,彼は真剣な表情で話を聞いていました。,他用認真的表情聽著話。,
n3_0286,verb,ichidan,,私は彼の言葉を信じています。,我相信他的話。,
n3_0287,suru_noun,,,留学のためにビザを申請しました。,我為了留學申請了簽證。,
n3_0288,suru_noun,,,医師は風邪だと診断しました。,醫師診斷是感冒。,
n3_0289,noun,,,弟の身長は父と同じくらいです。,弟弟的身高和爸爸差不多。,
n3_0290,suru_noun,,,練習のおかげで日本語が進歩しました。,多虧練習，日文進步了。,
n3_0291,suru_noun,,,自分の弱点を自覚することが大切です。,意識到自己的弱點很重要。,
n3_0292,noun,,,会社は新しい事業を始めました。,公司開始了新的事業。,
n3_0293,noun,,,出発の時刻を確認してください。,請確認出發時間。,
n3_0294,noun,,,彼が休んだのは事実です。,他請假是事實。,
n3_0295,noun,,,事前に資料を読んでおいてください。,請事先讀好資料。,
n3_0296,noun,,,実際に使ってみると便利でした。,實際用過後覺得很方便。,
n3_0297,noun,,,彼は試合で実力を発揮しました。,他在比賽中發揮了實力。,
n3_0298,noun,,,自動車より電車で行くほうが早いです。,比起汽車，搭電車去比較快。,
n3_0299,suru_noun,,,彼は料理の腕を自慢しています。,他炫耀自己的廚藝。,
n3_0300,na_adjective,,,準備は順調に進んでいます。,準備正順利進行。,
n3_0301,noun,,,海外では日本の常識が通じないこともあります。,在海外，日本的常識也有行不通的時候。,
n3_0302,suru_noun,,,毎日話す練習をすれば上達します。,如果每天練習說話就會進步。,
n3_0303,noun,,,正しい情報を集めることが大切です。,收集正確資訊很重要。,
n3_0304,adverb,,,けがは徐々によくなっています。,傷勢正在逐漸好轉。,
n3_0305,suru_noun,,,先生は私をその会社に推薦しました。,老師推薦我去那家公司。,
n3_0306,noun,,,十分な睡眠を取るようにしています。,我盡量保持充足睡眠。,
n3_0307,verb,ichidan,,彼女は語学に優れています。,她在語言方面很出色。,
n3_0308,adverb,,,その話は少しも面白くありませんでした。,那個話題一點也不有趣。,
n3_0309,noun,,,話の筋が少し分かりにくいです。,故事的脈絡有點難懂。,
n3_0310,adverb,,,その資料は既に送ってあります。,那份資料已經寄出了。,
n3_0311,conjunction,,,彼は私の兄です。すなわち、父の長男です。,他是我哥哥。也就是說，是爸爸的長子。,
n3_0312,i_adjective,,,店員は素早く商品を包みました。,店員很快地把商品包好。,
n3_0313,noun,,,全ての質問に答える必要はありません。,不需要回答所有問題。,
n3_0314,noun,,,努力の成果が少しずつ出ています。,努力的成果正在一點一點出現。,
n3_0315,suru_noun,,,修理代を保険会社に請求しました。,我向保險公司請款修理費。,
n3_0316,na_adjective,,,正式な発表は明日行われます。,正式發表會在明天進行。,
n3_0317,noun,,,強い精神を持つことが必要です。,需要有堅強的精神。,
n3_0318,suru_noun,,,この工場では車の部品を製造しています。,這間工廠製造汽車零件。,
n3_0319,suru_noun,,,子どもは短い間に大きく成長します。,孩子會在短時間內大幅成長。,
n3_0320,noun,,,青年たちは地域の活動に参加しました。,青年們參加了地方活動。,
n3_0321,suru_noun,,,新しい家の設計を建築家に頼みました。,我請建築師設計新家。,
n3_0322,noun,,,その説には十分な証拠がありません。,那個說法沒有充分證據。,
n3_0323,suru_noun,,,電気をこまめに消して節約しています。,我勤關電燈來節省用電。,
n3_0324,noun,,,世論は少しずつ変化しています。,輿論正在一點一點變化。,
n3_0325,noun,,,来月、市長選挙があります。,下個月有市長選舉。,
n3_0326,noun,,,彼はプロの野球選手です。,他是職業棒球選手。,
n3_0327,noun,,,前者は安く、後者は品質が高いです。,前者便宜，後者品質較高。,
n3_0328,suru_noun,,,チームは目標に向かって前進しています。,團隊正朝目標前進。,
n3_0329,noun,,,二つの資料には大きな相違があります。,兩份資料有很大的差異。,
n3_0330,suru_noun,,,この機械は簡単に操作できます。,這台機器很容易操作。,
n3_0331,noun,,,祖父の葬式に親戚が集まりました。,親戚們聚集參加祖父的葬禮。,
n3_0332,verb,suru,,十年後の生活を想像してみてください。,請試著想像十年後的生活。,
n3_0333,adverb,,,この問題は相当難しいです。,這個問題相當困難。,
n3_0334,noun,,,送別の会で先輩に花を渡しました。,在送別會上把花送給前輩。,
n3_0335,verb,ichidan,,地震に備えて水を用意しています。,我準備水以防地震。,
n3_0336,suru_noun,,,私は努力を続ける人を尊敬します。,我尊敬持續努力的人。,
n3_0337,suru_noun,,,観光客の数が年々増加しています。,觀光客人數逐年增加。,
n3_0338,suru_noun,,,京都で茶道を体験しました。,我在京都體驗了茶道。,
n3_0339,suru_noun,,,二つの意見が会議で対立しました。,兩個意見在會議中對立。,
n3_0340,noun,,,互いの考えを尊重しましょう。,我們互相尊重彼此的想法吧。,
n3_0341,adverb,,,時間はたっぷりあります。,時間很充裕。,
n3_0342,adverb,,,たとえ失敗しても、もう一度挑戦します。,即使失敗，也會再挑戰一次。,
n3_0343,verb,godan,,新しい靴を店で試しました。,我在店裡試了新鞋。,
n3_0344,noun,,,この授業は二単位です。,這門課是兩學分。,
n3_0345,noun,,,毎日新しい単語を十個覚えます。,每天記十個新單字。,
n3_0346,na_adjective,,,この問題は見た目ほど単純ではありません。,這個問題不像看起來那麼單純。,
n3_0347,adverb,,,私は単に理由を知りたいだけです。,我只是想知道理由而已。,
n3_0348,suru_noun,,,彼女はクラスを代表して発表しました。,她代表班上發表。,
n3_0349,noun,,,参加者の大部分は学生でした。,參加者大部分是學生。,
n3_0350,noun,,,計画はまだ準備の段階です。,計畫還在準備階段。,
n3_0351,noun,,,彼は会社で高い地位に就いています。,他在公司擔任很高的職位。,
n3_0352,noun,,,専門的な知識が必要な仕事です。,這是需要專業知識的工作。,
n3_0353,noun,,,東京で知人にばったり会いました。,我在東京偶然遇見認識的人。,
n3_0354,noun,,,中古の車を安く買いました。,我便宜買了一台中古車。,
n3_0356,noun,,,長期の旅行には準備が必要です。,長期旅行需要準備。,
n3_0357,noun,,,今日は体の調子があまりよくありません。,今天身體狀況不太好。,
n3_0358,suru_noun,,,エアコンで部屋の温度を調節します。,用冷氣調節房間溫度。,
n3_0359,adverb,,,分からないことは先生に直接聞きました。,不懂的事我直接問了老師。,
n3_0360,suru_noun,,,注文に飲み物を追加しました。,我在訂單裡追加了飲料。,
n3_0361,adverb,,,長い練習の末、ついに成功しました。,經過長時間練習後終於成功了。,
n3_0362,suru_noun,,,試験に合格して次の段階に通過しました。,通過考試後進入下一個階段。,
n3_0363,verb,ichidan,,彼の日本語は店員にも通じました。,他的日文店員也聽得懂。,
n3_0364,suru_noun,,,結果はメールで通知されます。,結果會用電子郵件通知。,
n3_0365,suru_noun,,,会議で中国語を日本語に通訳しました。,會議上把中文口譯成日文。,
n3_0366,adverb,,,安全を常に確認してください。,請隨時確認安全。,
n3_0367,verb,ichidan,,雨で週末の予定が潰れました。,週末計畫因為下雨泡湯了。,
n3_0368,i_adjective,,,大切な人と別れるのはつらいです。,和重要的人分開很痛苦。,
n3_0369,noun,,,定期の検査を忘れないでください。,請不要忘記定期檢查。,
n3_0370,suru_noun,,,事故のため電車が一時停止しました。,因為事故電車暫時停止了。,
n3_0371,suru_noun,,,新しい環境に少しずつ適応しています。,我正在逐漸適應新環境。,
n3_0372,suru_noun,,,試験前に徹夜して勉強しました。,考試前我熬夜讀書。,
n3_0373,noun,,,これは典型的な失敗の例です。,這是典型的失敗例子。,
n3_0374,noun,,,山の天候は急に変わることがあります。,山上的天氣有時會突然改變。,
n3_0375,noun,,,数学の点数が前より上がりました。,數學分數比以前提高了。,
n3_0376,noun,,,旅先での出会いを今も覚えています。,我到現在還記得旅途中的相遇。,
n3_0377,noun,,,電子辞書を使って単語を調べます。,用電子辭典查單字。,
n3_0378,suru_noun,,,チームの方針を一つに統一しました。,我們把團隊方針統一起來。,
n3_0379,suru_noun,,,飛行機は予定より早く到着しました。,飛機比預定時間早抵達。,
n3_0380,suru_noun,,,選挙の日に投票に行きました。,選舉那天去投票了。,
n3_0381,verb,ichidan,,駅を通り過ぎて次の角で曲がってください。,請走過車站後在下一個轉角轉彎。,
n3_0382,verb,godan,,砂糖をお湯に溶かします。,把砂糖溶在熱水裡。,
n3_0383,na_adjective,,,この建物は丸い屋根が特徴的です。,這棟建築的圓形屋頂很有特色。,
n3_0384,verb,ichidan,,机の上を整えてから勉強します。,我整理好桌面後再讀書。,
n3_0385,verb,godan,,荷物は明日の午前中に届く予定です。,包裹預計明天上午送達。,
n3_0386,adverb,,,とにかく今は落ち着いて考えましょう。,總之現在先冷靜思考吧。,
n3_0387,verb,ichidan,,新聞はその問題を大きく取り上げました。,報紙大篇幅報導了那個問題。,
n3_0388,verb,godan,,チームで新しい課題に取り組んでいます。,團隊正在著手處理新的課題。,
n3_0389,suru_noun,,,寝る前に読書する習慣があります。,我有睡前閱讀的習慣。,
n3_0390,na_adjective,,,この店には独特な雰囲気があります。,這家店有獨特的氣氛。,
n3_0391,verb,suru,,目標に向かって毎日努力しています。,每天朝目標努力。,
n3_0392,noun,,,会議の流れを先に説明します。,我先說明會議流程。,
n3_0393,suru_noun,,,説明を聞いてようやく納得しました。,聽完說明後我終於理解並接受了。,
n3_0394,adverb,,,何しろ時間がないので急ぎましょう。,畢竟沒有時間了，快一點吧。,
n3_0395,verb,godan,,進路について長い間悩んでいます。,我為了未來方向煩惱了很久。,
n3_0396,noun,,,日常の小さな習慣を大切にしています。,我很重視日常的小習慣。,
n3_0398,noun,,,人間は一人では生きられません。,人無法獨自生存。,
n3_0399,suru_noun,,,問題の原因を正しく認識する必要があります。,需要正確認識問題的原因。,
n3_0400,verb,godan,,文章から不要な言葉を抜きました。,我從文章中刪掉了不必要的詞。,
n3_0401,noun,,,年齢に関係なく参加できます。,不論年齡都可以參加。,
n3_0402,noun,,,彼には高い計算能力があります。,他有很強的計算能力。,
n3_0403,verb,godan,,多くの人が平和を望んでいます。,許多人盼望和平。,
n3_0404,noun,,,試験の後で友達と食事に行きました。,考試之後和朋友去吃飯。,
n3_0405,verb,ichidan,,会議で自分の意見を述べました。,我在會議上陳述了自己的意見。,
n3_0406,noun,,,この問題の背景を調べています。,我正在調查這個問題的背景。,
n3_0407,suru_noun,,,荷物は明日の午後に配達されます。,包裹會在明天下午送達。,
n3_0408,suru_noun,,,地震で多くの建物が破壊されました。,許多建築物因地震遭到破壞。,
n3_0409,suru_noun,,,発表が終わると大きな拍手が起こりました。,發表結束後響起熱烈掌聲。,
n3_0410,i_adjective,,,昨日は激しい雨が降りました。,昨天下了大雨。,
n3_0411,suru_noun,,,会社は大きな借金で破産しました。,公司因龐大債務破產了。,
n3_0412,suru_noun,,,新しいパスポートを発行してもらいました。,我請人發給新的護照。,
n3_0413,suru_noun,,,この地域では交通が大きく発達しました。,這個地區的交通大幅發展。,
n3_0414,suru_noun,,,発泡スチロールの箱に魚を入れます。,把魚放進保麗龍箱裡。,
n3_0415,verb,ichidan,,駅から少し離れた場所に住んでいます。,我住在離車站有點距離的地方。,
n3_0416,noun,,,道路の幅が狭くて車が通りにくいです。,道路寬度很窄，車子不好通過。,
n3_0417,suru_noun,,,状況を見てから判断しましょう。,看情況後再判斷吧。,
n3_0418,noun,,,警察は犯人をすぐに逮捕しました。,警方很快逮捕了犯人。,
n3_0420,noun,,,その場面を今でもはっきり覚えています。,那個場面我到現在還記得很清楚。,
n3_0421,verb,suru,,二つの商品を比較してから買いました。,比較兩個商品後才買。,
n3_0422,noun,,,台風の被害は予想より大きかったです。,颱風造成的損害比預期大。,
n3_0423,na_adjective,,,これは非常に重要な問題です。,這是非常重要的問題。,
n3_0424,na_adjective,,,彼は必死に走って電車に間に合いました。,他拚命奔跑，趕上了電車。,
n3_0425,noun,,,努力すれば成功するとは必然ではありません。,努力並不必然代表會成功。,
n3_0426,suru_noun,,,彼はうわさを強く否定しました。,他強烈否認了傳聞。,
n3_0427,suru_noun,,,地震の後、住民は学校へ避難しました。,地震後居民到學校避難。,
n3_0428,suru_noun,,,新聞は政府の対応を批判しました。,報紙批評了政府的應對。,
n3_0429,noun,,,これは二人だけの秘密です。,這是只有兩個人知道的祕密。,
n3_0430,suru_noun,,,画面に現在の温度が表示されます。,畫面會顯示目前溫度。,
n3_0431,noun,,,彼女はうれしそうな表情をしていました。,她露出很開心的表情。,
n3_0432,verb,godan,,駅前に新しい商店街が広がっています。,車站前展開了一片新的商店街。,
n3_0433,na_adjective,,,すべての人に平等な機会が必要です。,所有人都需要平等的機會。,
n3_0434,na_adjective,,,試験の結果が出るまで不安でした。,考試結果出來前我很不安。,
n3_0435,na_adjective,,,一日で全部終えるのは不可能です。,一天內全部完成是不可能的。,
n3_0436,na_adjective,,,不幸な事故で多くの人がけがをしました。,許多人在不幸的事故中受傷。,
n3_0437,na_adjective,,,不思議なことに鍵が机の上にありました。,奇妙的是鑰匙在桌上。,
n3_0438,suru_noun,,,この町では医師が不足しています。,這個城鎮醫師不足。,
n3_0439,suru_noun,,,家賃の負担がだんだん重くなっています。,房租負擔逐漸變重。,
n3_0440,adverb,,,彼は普通に日本語で会話できます。,他可以正常地用日文對話。,
n3_0441,noun,,,サービスに不満を持つ客が増えています。,對服務不滿的客人正在增加。,
n3_0442,na_adjective,,,不良品は店で交換できます。,瑕疵品可以在店裡更換。,
n3_0443,noun,,,この店は落ち着いた雰囲気があります。,這家店有沉穩的氣氛。,
n3_0444,noun,,,最近は物価が上がっています。,最近物價正在上漲。,
n3_0445,noun,,,文章の一部分を直しました。,我修改了文章的一部分。,
n3_0446,noun,,,論文を書く前に文献を集めました。,寫論文前先收集了文獻。,
n3_0447,noun,,,この文章は少し読みにくいです。,這篇文章有點難讀。,
n3_0448,noun,,,彼は医療の分野で働いています。,他在醫療領域工作。,
n3_0449,noun,,,クラスの平均点は七十点でした。,班上的平均分數是七十分。,
n3_0450,noun,,,平和な社会を作りたいです。,我想建立和平的社會。,
n3_0451,suru_noun,,,雑誌の記事を編集しています。,我正在編輯雜誌文章。,
n3_0452,noun,,,困ったときは弁護士に相談しました。,遇到困難時我諮詢了律師。,
n3_0453,noun,,,駅はこの方向にあります。,車站在這個方向。,
n3_0454,noun,,,会社の方針が大きく変わりました。,公司的方針大幅改變了。,
n3_0455,noun,,,この方法なら時間を節約できます。,用這個方法可以節省時間。,
n3_0456,suru_noun,,,大切な書類は金庫に保管しています。,重要文件保管在保險箱裡。,
n3_0457,noun,,,故郷の文化は私たちの誇りです。,故鄉的文化是我們的驕傲。,
n3_0459,adverb,,,週末はほとんど家にいます。,週末幾乎都待在家。,
n3_0460,noun,,,風で炎が大きくなりました。,火焰被風吹得更大了。,
n3_0461,na_adjective,,,彼は本気で医者を目指しています。,他認真以成為醫師為目標。,
n3_0462,noun,,,手続きには本人の確認が必要です。,手續需要確認本人身分。,
n3_0463,verb,ichidan,,この仕事は彼に任せましょう。,這份工作就交給他吧。,
n3_0464,verb,godan,,けがをした足に包帯を巻きました。,我在受傷的腳上纏了繃帶。,
n3_0465,adverb,,,まさかここで先生に会うとは思いませんでした。,沒想到會在這裡遇到老師。,
n3_0466,adverb,,,今がまさに出発の時です。,現在正是出發的時候。,
n3_0467,adverb,,,彼の話は全く信じられません。,他的話完全無法相信。,
n3_0468,verb,godan,,約束を守ることは大切です。,遵守約定很重要。,
n3_0469,suru_noun,,,結果にはとても満足しています。,我對結果非常滿意。,
n3_0470,noun,,,見方を変えると別の答えが見えてきます。,改變看法後就會看到不同答案。,
n3_0471,verb,ichidan,,彼は自分の失敗を認めました。,他承認了自己的失敗。,
n3_0472,noun,,,この町の魅力をもっと知りたいです。,我想更了解這個城鎮的魅力。,
n3_0473,verb,godan,,この仕事は細かい作業が好きな人に向いています。,這份工作適合喜歡細部作業的人。,
n3_0474,adverb,,,彼は静かというより、むしろ疲れているようです。,與其說他安靜，不如說像是累了。,
n3_0475,na_adjective,,,時間を無駄にしないようにしましょう。,我們不要浪費時間吧。,
n3_0476,noun,,,緊張で胸がどきどきしました。,因為緊張，胸口怦怦跳。,
n3_0477,noun,,,安全面をもう一度確認してください。,請再確認一次安全方面。,
n3_0478,na_adjective,,,面倒な手続きでも必要ならやります。,就算手續麻煩，只要必要我也會做。,
n3_0479,verb,ichidan,,会議の時間を別に設けました。,另外安排了會議時間。,
n3_0480,conjunction,,,支払いは現金、若しくはカードでお願いします。,付款請用現金或信用卡。,
n3_0481,verb,ichidan,,会社は経験のある人材を求めています。,公司正在尋求有經驗的人才。,
n3_0482,noun,,,物事を一つの面だけで判断してはいけません。,不可以只從單一面向判斷事情。,
n3_0483,adverb,,,やがて空が明るくなってきました。,不久天空漸漸亮了起來。,
n3_0484,noun,,,チームの中で自分の役割を理解しています。,我了解自己在團隊中的角色。,
n3_0485,verb,godan,,店は夏だけアルバイトを雇います。,店裡只在夏天雇用打工人員。,
n3_0486,na_adjective,,,この券は今月末まで有効です。,這張券到這個月底前有效。,
n3_0487,na_adjective,,,彼女は優秀な研究者です。,她是優秀的研究人員。,
n3_0488,na_adjective,,,経験がある人のほうが就職に有利です。,有經驗的人在求職上比較有利。,
n3_0489,na_adjective,,,この町は自然が豊かです。,這個城鎮自然資源很豐富。,
n3_0490,noun,,,子どもの様子を見に行きました。,我去看看孩子的情況。,
n3_0491,suru_noun,,,毎月少しずつ預金しています。,我每個月一點一點存款。,
n3_0492,na_adjective,,,余計なことを言ってしまいました。,我說了多餘的話。,
n3_0493,noun,,,旅行の予算を先に決めました。,我先決定了旅行預算。,
n3_0494,suru_noun,,,明日の天気を予測するのは難しいです。,要預測明天的天氣很難。,
n3_0495,suru_noun,,,風邪を予防するために手を洗います。,為了預防感冒而洗手。,
n3_0496,noun,,,今日は少し時間に余裕があります。,今天時間上有一點餘裕。,
n3_0497,na_adjective,,,乱暴な運転は危険です。,粗暴的駕駛方式很危險。,
n3_0498,noun,,,会社の利益は去年より増えました。,公司的利益比去年增加了。,
n3_0499,verb,suru,,説明を聞いて内容を理解しました。,聽完說明後理解了內容。,
n3_0500,noun,,,理屈は分かりますが、納得はできません。,道理我懂，但無法接受。,
n3_0501,noun,,,理想の働き方について話し合いました。,我們討論了理想的工作方式。,
n3_0502,suru_noun,,,今年は短い動画が流行しています。,今年短影片很流行。,
n3_0503,noun,,,ご飯の量を少し減らしました。,我稍微減少了飯量。,
n3_0504,noun,,,領収書を必ず受け取ってください。,請一定要收下收據。,
n3_0505,noun,,,規則には例外もあります。,規則也有例外。,
n3_0506,na_adjective,,,冷静に状況を判断してください。,請冷靜判斷狀況。,
n3_0507,noun,,,入り口の前に長い列ができています。,入口前排了長長的隊伍。,
n3_0508,noun,,,卒業論文のテーマを決めました。,我決定了畢業論文的題目。,
n3_0509,noun,,,職人の技を近くで見ました。,我近距離看了職人的技術。,
n3_0510,na_adjective,,,残り時間は僅かです。,剩下的時間很少。,
n3_0511,noun,,,そのニュースは学校中の話題になりました。,那則新聞成了全校的話題。,
n3_0512,adverb,,,電車はあっという間に駅に着きました。,電車轉眼間就到站了。,
n3_0513,noun,,,電車の遅れで会議に間に合いませんでした。,因為電車延誤，沒趕上會議。,
n3_0514,adverb,,,ぎりぎりで締め切りに間に合いました。,我剛好趕上了截止期限。,
n3_0515,noun,,,映画の後半で話が大きく変わります。,電影後半段劇情有很大的變化。,
n3_0516,noun,,,正午に駅前で会いましょう。,中午十二點在車站前見吧。,
n3_0517,noun,,,深夜まで仕事をしていました。,我工作到深夜。,
n3_0518,noun,,,二十世紀の音楽に興味があります。,我對二十世紀的音樂有興趣。,
n3_0519,noun,,,試験の前半は簡単でした。,考試前半部很簡單。,
n3_0520,noun,,,早朝に散歩すると気持ちがいいです。,清晨散步很舒服。,
n3_0521,suru_noun,,,寝坊して学校に遅刻しました。,我睡過頭所以上學遲到了。,
n3_0522,adverb,,,二つの作業を同時に進めています。,兩項作業正在同時進行。,
n3_0523,adverb,,,突然雨が降り出しました。,雨突然下了起來。,
n3_0524,noun,,,新しい生活の始まりにわくわくしています。,我對新生活的開始感到興奮。,
n3_0525,verb,ichidan,,夜が更けても町はにぎやかでした。,夜深了，城鎮仍然熱鬧。,
n3_0526,suffix,,,十年ぶりに高校の友達に会いました。,我睽違十年見到高中朋友。,
n3_0527,verb,ichidan,,長い年月を経て建物は古くなりました。,經過漫長歲月後，建築物變舊了。,
n3_0528,adverb,,,必要な資料を前もって準備しました。,我事先準備好了需要的資料。,
n3_0529,noun,,,真夜中に電話が鳴りました。,半夜電話響了。,
n3_0530,noun,,,夜間は入り口を閉めています。,夜間入口會關閉。,
n3_0531,noun,,,一昨年、初めて北海道へ行きました。,前年我第一次去了北海道。,
n3_0532,noun,,,結果は今月下旬に発表されます。,結果會在本月下旬公布。,
n3_0533,noun,,,月末までに家賃を払ってください。,請在月底前繳房租。,
n3_0534,noun,,,昨年は海外旅行に行けませんでした。,去年沒能去海外旅行。,
n3_0535,noun,,,その日は一日中雨でした。,那一天整天都在下雨。,
n3_0536,noun,,,来週から新しい授業が始まります。,下週開始新的課程。,
n3_0537,noun,,,七月上旬に旅行する予定です。,預計七月上旬去旅行。,
n3_0538,noun,,,先日、駅で先生に会いました。,前些日子在車站遇到老師。,
n3_0539,noun,,,試験の前日は早く寝ました。,考試前一天我很早睡。,
n3_0540,noun,,,会議は来月中旬に行われます。,會議會在下個月中旬舉行。,
n3_0541,noun,,,年始は多くの店が休みです。,年初許多店家休息。,
n3_0542,noun,,,年末年始は家族と過ごします。,年底年初會和家人一起度過。,
n3_0543,noun,,,平日は朝七時に起きます。,平日早上七點起床。,
n3_0544,noun,,,本日はご来店ありがとうございます。,今天感謝您光臨。,
n3_0545,noun,,,本年もよろしくお願いいたします。,今年也請多多指教。,
n3_0547,noun,,,曜日を間違えて学校へ行ってしまいました。,我搞錯星期幾，結果去了學校。,
n3_0548,prefix,,,翌朝、雪はすっかり止んでいました。,隔天早上雪已經完全停了。,
n3_0549,noun,,,翌日、彼から返事が来ました。,隔天他回覆了。,
n3_0550,noun,,,午後三時以後に来てください。,請下午三點以後再來。,
n3_0551,noun,,,以前ここには小さな本屋がありました。,以前這裡有一家小書店。,
n3_0552,noun,,,現代の生活にはインターネットが欠かせません。,現代生活少不了網路。,
n3_0553,noun,,,今後の予定をメールで知らせます。,我會用電子郵件告知今後的行程。,
n3_0554,noun,,,事故の事後処理に時間がかかりました。,事故發生後的處理花了不少時間。,
n3_0555,noun,,,発表の直後に質問が出ました。,發表剛結束後就有人提問。,
n3_0556,noun,,,出発直前に雨が降り始めました。,出發前一刻開始下雨。,
n3_0557,noun,,,未来の自分に手紙を書きました。,我寫了一封信給未來的自己。,
n3_0558,noun,,,桜のシーズンには観光客が増えます。,櫻花季時觀光客會增加。,
n3_0559,noun,,,申し込みの締め切りは明日です。,報名截止期限是明天。,
n3_0560,verb,ichidan,,足りない資料は古いもので間に合わせました。,不足的資料先用舊的臨時湊合。,
n3_0561,suru_noun,,,授業が終わったらすぐ帰宅します。,下課後會立刻回家。,
n3_0562,verb,godan,,祖母は田舎で一人で暮らしています。,祖母在鄉下一個人生活。,
n3_0564,verb,godan,,週末は家族とゆっくり過ごしました。,週末和家人悠閒地度過了。,
n3_0565,na_adjective,,,台所はいつも清潔にしています。,廚房一直保持清潔。,
n3_0566,suru_noun,,,弟は家で留守番をしています。,弟弟在家看家。,
n3_0567,determiner,,,我が家では朝ご飯を一緒に食べます。,我們家會一起吃早餐。,
n3_0568,verb,ichidan,,寒いので窓を閉じてください。,因為很冷，請把窗戶關上。,
n3_0569,suru_noun,,,入る前にドアをノックしてください。,進來前請先敲門。,
n3_0570,noun,,,ベランダで洗濯物を干しました。,我在陽台曬衣服。,
n3_0571,noun,,,屋根の上に雪が積もっています。,屋頂上積著雪。,
n3_0572,verb,godan,,彼は約束を破りました。,他違反了約定。,
n3_0573,suru_noun,,,出かける前にドアをロックしてください。,出門前請把門鎖上。,
n3_0574,noun,,,冬は暖房をつけて部屋を暖めます。,冬天會開暖氣讓房間變暖。,
n3_0575,noun,,,クリスマスの飾りを窓に付けました。,我把聖誕裝飾掛在窗邊。,
n3_0576,noun,,,キッチンで夕食を作っています。,正在廚房做晚餐。,
n3_0577,noun,,,寝室の電気を消して寝ました。,關掉寢室的燈後睡覺了。,
n3_0578,noun,,,洗面所で顔を洗いました。,我在洗手台洗了臉。,
n3_0579,noun,,,家族はダイニングで朝食を食べます。,家人在餐廳吃早餐。,
n3_0580,verb,godan,,排水口が詰まって水が流れません。,排水口塞住，水流不下去。,
n3_0581,noun,,,天井に新しい照明を付けました。,我在天花板裝了新的照明。,
n3_0582,noun,,,古い家の柱はとても太いです。,老房子的柱子很粗。,
n3_0583,noun,,,日差しが強いのでブラインドを下ろしました。,陽光太強，所以放下百葉窗。,
n3_0584,noun,,,引っ越す前に部屋の間取りを確認しました。,搬家前確認了房間格局。,
n3_0585,noun,,,寒い夜は毛布を一枚多く使います。,寒冷的夜晚會多用一條毛毯。,
n3_0586,noun,,,床に荷物を置かないでください。,請不要把行李放在地板上。,
n3_0587,verb,ichidan,,音が大きすぎるので少し弱めました。,聲音太大，所以我稍微調小了。,
n3_0588,noun,,,家族はリビングでテレビを見ています。,家人正在客廳看電視。,
n3_0589,noun,,,肉の脂を少し取ってから焼きます。,先去掉一點肉的油脂再烤。,
n3_0590,noun,,,この薬は食後に飲んでください。,這個藥請飯後服用。,
n3_0591,noun,,,食前に手を洗いましょう。,飯前洗手吧。,
n3_0592,i_adjective,,,このみかんは少し酸っぱいです。,這顆橘子有點酸。,
n3_0593,noun,,,食事のマナーを守りましょう。,遵守用餐禮儀吧。,
n3_0594,noun,,,レストランでメニューを見ています。,正在餐廳看菜單。,
n3_0595,noun,,,今日は友達とランチに行きます。,今天要和朋友去吃午餐。,
n3_0596,noun,,,忙しい日はインスタント食品を食べることがあります。,忙碌的日子有時會吃即食食品。,
n3_0597,noun,,,朝ご飯にオレンジを一つ食べました。,早餐吃了一顆柳橙。,
n3_0598,noun,,,ガムをかみながら話さないでください。,請不要一邊嚼口香糖一邊說話。,
n3_0599,noun,,,風邪を引いたのでお粥を食べました。,因為感冒，所以吃了粥。,
n3_0600,noun,,,ポテトにケチャップをかけました。,我在薯條上加了番茄醬。,
